SID;system;time;treat;sys-time;sys-treat;sys-time-treat;BAC0001;BAC0002;BAC0003;BAC0004;BAC0005;BAC0006;BAC0007;BAC0008;BAC0009;BAC0010;BAC0011;BAC0012;BAC0013;BAC0014;BAC0015;BAC0016;BAC0017;BAC0018;BAC0019;BAC0020;BAC0021;BAC0022;BAC0023;BAC0024;BAC0025;BAC0026;BAC0027;BAC0028;BAC0029;BAC0030;BAC0031;BAC0032;BAC0033;BAC0034;BAC0035;BAC0036;BAC0039;BAC0040;BAC0041;BAC0042;BAC0043;BAC0044;BAC0045;BAC0046;BAC0047;BAC0048;BAC0049;BAC0050;BAC0051;BAC0053;BAC0054;BAC0055;BAC0056;BAC0057;BAC0058;BAC0060;BAC0061;BAC0063;BAC0064;BAC0065;BAC0066;BAC0067;BAC0068;BAC0069;BAC0071;BAC0072;BAC0073;BAC0074;BAC0076;BAC0077;BAC0078;BAC0079;BAC0080;BAC0081;BAC0082;BAC0083;BAC0084;BAC0085;BAC0086;BAC0087;BAC0088;BAC0089;BAC0091;BAC0092;BAC0095;BAC0096;BAC0098;BAC0099;BAC0100;BAC0101;BAC0102;BAC0103;BAC0104;BAC0105;BAC0106;BAC0107;BAC0108;BAC0109;BAC0110;BAC0111;BAC0112;BAC0113;BAC0114;BAC0115;BAC0116;BAC0117;BAC0119;BAC0120;BAC0121;BAC0122;BAC0124;BAC0125;BAC0126;BAC0127;BAC0128;BAC0130;BAC0131;BAC0132;BAC0133;BAC0134;BAC0135;BAC0136;BAC0137;BAC0138;BAC0140;BAC0141;BAC0142;BAC0143;BAC0144;BAC0145;BAC0146;BAC0147;BAC0148;BAC0149;BAC0150;BAC0151;BAC0152;BAC0153;BAC0154;BAC0155;BAC0156;BAC0157;BAC0158;BAC0159;BAC0160;BAC0161;BAC0162;BAC0163;BAC0164;BAC0165;BAC0166;BAC0167;BAC0168;BAC0169;BAC0170;BAC0171;BAC0172;BAC0173;BAC0174;BAC0176;BAC0178;BAC0179;BAC0180;BAC0181;BAC0182;BAC0183;BAC0184;BAC0185;BAC0186;BAC0187;BAC0188;BAC0189;BAC0190;BAC0191;BAC0192;BAC0193;BAC0194;BAC0195;BAC0196;BAC0197;BAC0198;BAC0199;BAC0201;BAC0202;BAC0203;BAC0204;BAC0205;BAC0206;BAC0207;BAC0208;BAC0209;BAC0210;BAC0211;BAC0212;BAC0213;BAC0215;BAC0216;BAC0217;BAC0218;BAC0219;BAC0220;BAC0221;BAC0222;BAC0223;BAC0224;BAC0227;BAC0228;BAC0229;BAC0231;BAC0232;BAC0233;BAC0234;BAC0235;BAC0236;BAC0237;BAC0238;BAC0239;BAC0240;BAC0241;BAC0242;BAC0243;BAC0244;BAC0245;BAC0246;BAC0247;BAC0248;BAC0249;BAC0250;BAC0251;BAC0252;BAC0253;BAC0254;BAC0255;BAC0256;BAC0257;BAC0258;BAC0259;BAC0260;BAC0261;BAC0263;BAC0264;BAC0265;BAC0267;BAC0268;BAC0269;BAC0270;BAC0271;BAC0272;BAC0273;BAC0274;BAC0275;BAC0276;BAC0277;BAC0278;BAC0280;BAC0281;BAC0282;BAC0283;BAC0284;BAC0285;BAC0286;BAC0287;BAC0288;BAC0289;BAC0290;BAC0291;BAC0292;BAC0293;BAC0294;BAC0295;BAC0296;BAC0297;BAC0298;BAC0299;BAC0301;BAC0302;BAC0303;BAC0304;BAC0305;BAC0306;BAC0307;BAC0308;BAC0309;BAC0310;BAC0312;BAC0313;BAC0314;BAC0315;BAC0316;BAC0317;BAC0318;BAC0319;BAC0320;BAC0321;BAC0322;BAC0323;BAC0324;BAC0325;BAC0326;BAC0327;BAC0328;BAC0329;BAC0330;BAC0331;BAC0332;BAC0333;BAC0334;BAC0335;BAC0336;BAC0337;BAC0338;BAC0339;BAC0340;BAC0341;BAC0342;BAC0343;BAC0344;BAC0345;BAC0346;BAC0347;BAC0348;BAC0349;BAC0350;BAC0351;BAC0352;BAC0353;BAC0354;BAC0355;BAC0356;BAC0357;BAC0358;BAC0359;BAC0360;BAC0361;BAC0362;BAC0363;BAC0364;BAC0366;BAC0367;BAC0368;BAC0370;BAC0371;BAC0372;BAC0374;BAC0375;BAC0376;BAC0377;BAC0378;BAC0379;BAC0381;BAC0382;BAC0383;BAC0384;BAC0385;BAC0386;BAC0387;BAC0388;BAC0389;BAC0390;BAC0391;BAC0392;BAC0393;BAC0394;BAC0395;BAC0396;BAC0397;BAC0398;BAC0399;BAC0400;BAC0401;BAC0402;BAC0403;BAC0404;BAC0405;BAC0406;BAC0409;BAC0413;BAC0414;BAC0415;BAC0416;BAC0417;BAC0418;BAC0419;BAC0420;BAC0421;BAC0422;BAC0423;BAC0424;BAC0425;BAC0426;BAC0427;BAC0428;BAC0429;BAC0430;BAC0431;BAC0432;BAC0433;BAC0434;BAC0435;BAC0436;BAC0438;BAC0439;BAC0440;BAC0441;BAC0442;BAC0443;BAC0444;BAC0445;BAC0446;BAC0447;BAC0448;BAC0449;BAC0450;BAC0451;BAC0452;BAC0453;BAC0454;BAC0455;BAC0456;BAC0457;BAC0458;BAC0459;BAC0460;BAC0461;BAC0462;BAC0463;BAC0464;BAC0465;BAC0467;BAC0468;BAC0469;BAC0470;BAC0471;BAC0472;BAC0473;BAC0474;BAC0475;BAC0476;BAC0477;BAC0478;BAC0479;BAC0480;BAC0481;BAC0482;BAC0483;BAC0484;BAC0485;BAC0486;BAC0487;BAC0488;BAC0489;BAC0490;BAC0491;BAC0492;BAC0493;BAC0494;BAC0496;BAC0497;BAC0498;BAC0499;BAC0500;BAC0501;BAC0502;BAC0503;BAC0504;BAC0505;BAC0506;BAC0507;BAC0508;BAC0509;BAC0510;BAC0511;BAC0512;BAC0513;BAC0514;BAC0515;BAC0516;BAC0517;BAC0518;BAC0519;BAC0520;BAC0521;BAC0522;BAC0523;BAC0524;BAC0525;BAC0526;BAC0527;BAC0528;BAC0529;BAC0530;BAC0531;BAC0532;BAC0533;BAC0534;BAC0535;BAC0536;BAC0537;BAC0538;BAC0539;BAC0540;BAC0541;BAC0542;BAC0543;BAC0544;BAC0545;BAC0547;BAC0548;BAC0549;BAC0550;BAC0551;BAC0552;BAC0554;BAC0555;BAC0556;BAC0558;BAC0559;BAC0560;BAC0561;BAC0562;BAC0563;BAC0564;BAC0565;BAC0566;BAC0567;BAC0568;BAC0569;BAC0570;BAC0571;BAC0572;BAC0573;BAC0574;BAC0575;BAC0576;BAC0577;BAC0578;BAC0579;BAC0580;BAC0581;BAC0582;BAC0583;BAC0584;BAC0585;BAC0586;BAC0587;BAC0588;BAC0589;BAC0590;BAC0591;BAC0592;BAC0593;BAC0594;BAC0595;BAC0596;BAC0597;BAC0598;BAC0599;BAC0600;BAC0602;BAC0603;BAC0604;BAC0605;BAC0606;BAC0607;BAC0608;BAC0609;BAC0610;BAC0611;BAC0612;BAC0613;BAC0614;BAC0615;BAC0616;BAC0617;BAC0619;BAC0620;BAC0621;BAC0622;BAC0623;BAC0624;BAC0625;BAC0626;BAC0628;BAC0629;BAC0630;BAC0631;BAC0632;BAC0633;BAC0634;BAC0635;BAC0637;BAC0638;BAC0639;BAC0640;BAC0641;BAC0642;BAC0643;BAC0644;BAC0645;BAC0646;BAC0647;BAC0648;BAC0649;BAC0650;BAC0651;BAC0652;BAC0653;BAC0654;BAC0657;BAC0658;BAC0659;BAC0662;BAC0664;BAC0665;BAC0666;BAC0667;BAC0668;BAC0670;BAC0671;BAC0672;BAC0674;BAC0675;BAC0678;BAC0679;BAC0680;BAC0681;BAC0682;BAC0683;BAC0684;BAC0685;BAC0686;BAC0688;BAC0689;BAC0690;BAC0691;BAC0692;BAC0693;BAC0694;BAC0695;BAC0698;BAC0699;BAC0700;BAC0702;BAC0704;BAC0705;BAC0706;BAC0707;BAC0708;BAC0709;BAC0710;BAC0711;BAC0713;BAC0714;BAC0715;BAC0716;BAC0717;BAC0718;BAC0719;BAC0720;BAC0721;BAC0722;BAC0724;BAC0725;BAC0729;BAC0730;BAC0731;BAC0732;BAC0733;BAC0734;BAC0735;BAC0738;BAC0739;BAC0740;BAC0741;BAC0742;BAC0743;BAC0744;BAC0745;BAC0746;BAC0747;BAC0748;BAC0749;BAC0750;BAC0751;BAC0752;BAC0753;BAC0754;BAC0755;BAC0758
L0Z;lettuce;w0;Z;L0;L_untreated;L0_untreated;9.69;7.27;33.92;0.00;26.65;2.42;12.12;0.00;2.42;0.00;4.85;0.00;12.12;9.69;4.85;41.19;7.27;4.85;14.54;7.27;0.00;4.85;0.00;0.00;7.27;14.54;2.42;2.42;0.00;0.00;0.00;2.42;2.42;19.39;12.12;0.00;135.70;24.23;19.39;4.85;9.69;2.42;4.85;0.00;2.42;50.89;0.00;12.12;2.42;2.42;0.00;0.00;2.42;0.00;7.27;2.42;12.12;0.00;0.00;0.00;0.00;2.42;2.42;0.00;0.00;0.00;2.42;7.27;24.23;0.00;7.27;0.00;2.42;0.00;0.00;181.74;2.42;0.00;9.69;12.12;116.31;79.96;7.27;4.85;4.85;0.00;0.00;0.00;0.00;9.69;4.85;4.85;0.00;7.27;2.42;4.85;9.69;0.00;0.00;55.73;4.85;9.69;19.39;12.12;0.00;0.00;9.69;14.54;7.27;12.12;0.00;65.42;9.69;7.27;0.00;2.42;4.85;7.27;0.00;4.85;41.19;2.42;0.00;21.81;0.00;2.42;4.85;0.00;7.27;14.54;2.42;9.69;24.23;12.12;0.00;7.27;0.00;7.27;150.23;2.42;99.35;31.50;157.50;2.42;2.42;4.85;339.24;46.04;121.16;138.12;0.00;4.85;7.27;36.35;19.39;16.96;0.00;0.00;0.00;0.00;0.00;0.00;2.42;29.08;7.27;7.27;0.00;0.00;0.00;0.00;0.00;2.42;26.65;7.27;2.42;0.00;55.73;9.69;21.81;75.12;2.42;4.85;4.85;0.00;0.00;2.42;0.00;0.00;123.58;7.27;4.85;21.81;9.69;16.96;2.42;0.00;0.00;0.00;9.69;0.00;14.54;2.42;0.00;0.00;19.39;0.00;0.00;0.00;2.42;2.42;2.42;7.27;0.00;4.85;0.00;9.69;4.85;2.42;36.35;21.81;0.00;36.35;19.39;0.00;0.00;0.00;4.85;0.00;21.81;12.12;9.69;4.85;2.42;0.00;0.00;0.00;2.42;2.42;2.42;0.00;2.42;0.00;0.00;0.00;0.00;14.54;60.58;46.04;252.01;368.32;0.00;0.00;0.00;2.42;9.69;2.42;2.42;2.42;9.69;38.77;0.00;0.00;9.69;0.00;0.00;2.42;4.85;87.23;4.85;0.00;4.85;12.12;2.42;0.00;14.54;2.42;4.85;2.42;0.00;0.00;0.00;55.73;4.85;9.69;12.12;2.42;2.42;77.54;329.55;87.23;53.31;0.00;0.00;0.00;12.12;0.00;0.00;2.42;0.00;0.00;0.00;0.00;0.00;0.00;14.54;16.96;4.85;159.93;0.00;0.00;2.42;2.42;0.00;0.00;2.42;4.85;0.00;2.42;0.00;19.39;4.85;2.42;48.46;0.00;7.27;14.54;9.69;65.42;36.35;147.81;12.12;2.42;4.85;0.00;2.42;9.69;7.27;4.85;0.00;12.12;16.96;14.54;2.42;7.27;0.00;2.42;14.54;55.73;2.42;4.85;0.00;0.00;0.00;0.00;0.00;0.00;31.50;2.42;4.85;2.42;7.27;12.12;0.00;0.00;0.00;0.00;0.00;0.00;327.12;0.00;2.42;14.54;2.42;0.00;0.00;0.00;2.42;2.42;2.42;0.00;26.65;9.69;4.85;2.42;0.00;4.85;0.00;0.00;0.00;0.00;0.00;0.00;2.42;0.00;0.00;7.27;12.12;0.00;14.54;2.42;12.12;2.42;36.35;0.00;4.85;7.27;2.42;2.42;4.85;2.42;0.00;2.42;0.00;2.42;4.85;0.00;2.42;0.00;0.00;0.00;16.96;31.50;9.69;2.42;7.27;2.42;26.65;714.83;135.70;0.00;0.00;50.89;4.85;4.85;2.42;7.27;7.27;0.00;0.00;63.00;9.69;2.42;0.00;9.69;4.85;33.92;12.12;0.00;87.23;72.69;2.42;48.46;4.85;0.00;0.00;0.00;7.27;7.27;19.39;38.77;26.65;12.12;2.42;29.08;12.12;9.69;36.35;12.12;106.62;4.85;9.69;0.00;4.85;0.00;2.42;0.00;2.42;2.42;0.00;0.00;0.00;0.00;2.42;0.00;2.42;4.85;0.00;0.00;4.85;2.42;87.23;2.42;29.08;213.24;4.85;12.12;89.66;2.42;31.50;0.00;2.42;31.50;21.81;12.12;7.27;2.42;7.27;0.00;0.00;4.85;0.00;0.00;2.42;2.42;0.00;9.69;2.42;4.85;7.27;24.23;2.42;12.12;75.12;26.65;4.85;2.42;2.42;2.42;0.00;0.00;21.81;0.00;0.00;2.42;2.42;0.00;16.96;4.85;21.81;2.42;16.96;24.23;2.42;9.69;0.00;0.00;7.27;0.00;2.42;2.42;0.00;7.27;7.27;72.69;4.85;21.81;46.04;494.32;0.00;7.27;443.43;9.69;7.27;748.75;12.12;48.46;50.89;19.39;2.42;0.00;0.00;0.00;0.00;0.00;2.42;2.42;0.00;0.00;0.00;0.00;2.42;0.00;0.00;2.42;0.00;0.00;2.42;0.00;0.00;0.00;9.69;46.04;2.42;0.00;4.85;0.00;50.89;72.69;12.12;0.00;0.00;7.27;2.42;0.00;24.23;2.42;2.42;0.00;0.00;0.00;0.00;0.00;2.42;0.00;0.00;0.00;2.42;0.00;0.00;0.00;0.00;0.00;4.85;0.00;2.42;0.00;9.69;0.00;0.00;2.42;2.42;7.27;4.85;0.00;0.00;0.00;0.00;0.00;2.42;0.00;0.00;2.42;4.85;2.42;36.35;72.69;43.62;55.73;0.00;12.12;0.00;0.00;121.16;7.27;2.42;2.42;2.42;116.31;0.00;2.42;0.00;0.00;0.00;2.42;9.69;0.00;0.00;0.00;0.00;0.00;0.00;9.69;7.27;2.42;0.00;0.00;2.42;9.69;0.00;2.42;0.00;4.85;2.42;2.42;9.69;99.35;9.69;92.08;4.85
L1A;lettuce;w1;A;L1;L_conventional;L1_conventional;5.93;9.48;7.70;0.59;1.19;0.00;7.70;0.00;1.19;0.00;1.19;0.59;1.78;6.52;0.59;3.56;1.19;0.59;1.78;1.19;0.00;9.48;1.19;0.00;5.93;19.56;5.33;9.48;21.93;0.00;1.19;2.37;0.59;4.15;36.74;0.59;145.77;18.37;21.33;9.48;3.56;0.00;2.37;0.59;1.78;42.67;0.00;1.78;0.00;1.78;0.00;0.00;1.78;1.19;2.37;0.59;5.93;8.30;1.78;1.78;6.52;0.59;0.00;0.00;7.70;0.00;5.33;4.15;10.67;0.59;2.96;0.00;2.37;0.00;0.00;161.77;1.78;0.00;12.44;3.56;101.92;45.04;4.74;4.15;1.19;0.00;0.59;0.59;0.00;2.96;1.78;4.15;0.00;5.93;0.59;0.59;2.37;0.59;0.00;23.70;2.96;4.74;2.37;8.89;1.19;0.59;1.19;1.19;0.59;23.70;0.59;58.07;7.70;0.00;0.00;0.00;2.37;1.78;0.00;1.19;22.52;0.59;0.00;4.74;0.00;2.37;3.56;0.00;4.15;5.93;0.00;1.78;12.44;1.78;1.19;1.19;0.59;6.52;227.55;0.59;88.89;32.59;117.33;0.00;4.15;7.11;246.51;40.89;155.85;149.92;1.19;1.19;3.56;4.74;21.33;26.07;7.70;0.00;0.00;0.00;0.00;0.00;0.00;26.67;9.48;0.59;2.37;0.59;0.00;0.00;0.00;0.00;19.56;4.15;2.37;0.00;45.63;4.15;16.59;33.78;8.89;0.00;4.74;0.00;0.00;0.59;1.19;1.78;106.07;1.19;0.59;5.33;0.59;1.19;1.19;0.00;0.00;0.00;1.78;0.59;11.85;1.78;0.00;0.00;9.48;0.00;1.19;0.00;0.00;2.37;0.00;1.19;0.00;0.59;0.00;2.37;0.59;0.59;13.04;4.15;0.59;13.04;6.52;2.96;0.00;0.00;1.19;2.37;8.30;5.33;14.22;0.00;2.37;1.78;1.19;0.00;0.59;4.74;0.59;2.37;0.00;0.00;0.00;0.59;0.59;8.89;108.44;117.92;345.47;492.43;1.78;1.78;0.59;0.00;1.19;4.15;1.78;3.56;3.56;15.41;2.96;5.93;17.78;0.00;0.00;1.78;1.19;53.92;11.26;1.19;1.19;2.37;1.19;0.00;0.59;2.96;4.15;2.37;0.00;0.00;0.00;38.52;2.37;11.26;2.37;2.96;0.59;40.30;338.36;78.22;13.04;4.15;0.59;0.00;6.52;0.00;0.00;0.00;0.00;0.59;0.00;0.00;0.59;0.00;3.56;58.67;0.59;168.88;0.00;0.00;2.37;0.00;0.59;0.59;0.00;1.19;0.00;0.59;2.37;9.48;0.59;4.74;84.15;7.70;10.07;32.00;7.70;57.48;11.26;153.48;7.11;0.00;4.15;1.78;1.19;26.67;10.67;15.41;4.74;4.15;31.41;10.67;0.00;1.78;2.37;4.74;2.37;58.67;1.78;1.19;0.59;0.00;0.59;0.59;0.59;0.00;46.81;4.15;5.33;0.00;10.07;2.96;0.00;0.00;0.00;0.00;0.00;2.96;411.84;1.78;1.78;26.67;2.96;0.00;0.00;0.59;1.19;1.78;1.78;0.59;13.04;2.37;1.78;1.19;2.37;1.78;0.59;0.00;0.00;0.00;0.00;0.00;1.19;0.00;0.00;4.15;8.30;0.00;1.19;0.00;6.52;7.11;67.55;11.85;8.30;2.37;4.15;1.78;0.00;0.00;0.00;1.19;0.00;0.00;1.19;0.00;4.15;0.00;4.74;0.00;8.89;20.15;0.00;0.59;5.33;7.11;20.74;717.61;77.63;2.96;0.59;13.04;1.19;0.59;0.00;4.15;0.59;0.59;0.00;8.89;1.19;2.37;0.00;4.74;0.59;11.26;2.96;0.00;48.59;38.52;7.11;14.81;2.96;0.00;1.19;1.19;3.56;5.93;39.11;5.33;11.85;2.37;2.96;4.74;6.52;2.96;20.15;1.19;46.22;0.59;5.93;0.00;2.37;0.00;1.19;0.00;2.96;2.37;0.00;0.00;0.59;0.00;1.78;0.00;1.78;0.59;0.00;1.19;3.56;0.59;67.55;0.00;4.74;113.77;0.00;8.89;49.18;1.19;45.63;0.00;1.78;17.18;14.22;8.30;1.19;0.00;8.30;1.78;0.59;1.19;0.00;0.00;4.74;3.56;0.59;11.26;1.19;0.00;4.15;9.48;0.00;10.67;40.30;5.93;3.56;2.37;16.00;4.74;0.59;1.19;13.63;0.59;0.59;1.19;0.00;1.19;5.33;1.78;30.81;1.19;11.26;16.59;2.96;9.48;2.96;4.74;5.33;3.56;0.59;7.70;2.96;4.15;3.56;45.63;6.52;15.41;36.15;459.84;0.00;12.44;511.99;13.63;11.85;737.17;2.37;15.41;53.92;28.44;7.11;0.00;0.00;0.00;0.59;0.00;0.00;1.78;0.00;1.19;0.00;0.59;0.00;2.96;0.00;1.78;0.59;0.00;0.00;0.59;0.00;0.00;6.52;32.59;1.19;0.59;2.37;1.78;42.67;30.22;4.15;1.19;0.00;4.15;4.15;0.59;26.67;2.96;2.96;0.00;0.00;0.00;0.00;0.00;1.19;0.00;0.00;0.59;0.59;0.59;0.00;0.00;0.00;2.37;0.00;0.00;1.78;0.59;7.11;0.00;4.15;0.59;1.19;5.33;2.96;0.00;0.00;0.00;0.59;1.19;0.59;2.37;0.00;0.00;2.37;1.78;56.89;45.63;14.22;42.07;0.00;14.81;0.59;8.89;137.48;17.18;0.00;9.48;0.59;110.81;3.56;0.00;0.59;1.78;0.00;0.59;3.56;0.00;1.19;0.00;2.96;0.00;0.59;0.59;7.11;1.78;0.00;0.00;0.00;2.37;15.41;1.78;0.59;6.52;4.74;0.59;4.15;85.33;19.56;82.37;0.59
L1B;lettuce;w1;B;L1;L_manured;L1_manured;5.70;13.54;16.39;0.71;6.41;2.14;7.84;0.00;1.42;0.00;1.42;0.71;4.27;9.26;2.85;12.11;3.56;1.42;5.70;7.12;0.00;7.84;0.00;0.71;9.26;24.22;5.70;4.27;14.25;0.00;4.27;2.14;0.00;22.80;24.22;1.42;154.60;35.62;22.80;12.11;3.56;2.14;2.85;2.14;0.71;54.14;0.71;5.70;0.00;1.42;0.00;0.00;3.56;2.14;17.10;0.00;14.96;6.41;1.42;2.14;4.27;8.55;0.71;0.00;11.40;0.00;5.70;4.99;18.52;5.70;4.27;0.00;3.56;0.00;0.00;147.47;2.14;0.00;16.39;4.99;106.15;68.39;7.84;6.41;2.14;0.00;0.71;3.56;0.00;3.56;6.41;4.27;0.00;12.82;0.71;2.14;2.14;2.85;0.00;34.20;6.41;4.99;2.85;9.26;0.00;0.00;2.85;9.97;7.12;23.51;0.71;74.09;12.11;1.42;0.00;5.70;1.42;5.70;0.00;0.00;38.47;2.85;2.14;16.39;0.00;0.71;5.70;2.14;11.40;13.54;0.71;2.85;9.26;9.26;2.14;1.42;0.00;9.97;241.51;8.55;93.33;26.36;124.67;4.27;9.97;14.25;342.67;66.26;151.75;136.07;0.00;2.85;12.82;47.02;22.09;32.06;7.84;0.71;0.71;0.00;0.71;0.00;0.00;42.75;14.25;7.12;3.56;0.00;0.00;0.00;1.42;0.00;32.77;4.27;2.14;0.00;39.90;8.55;19.24;51.29;18.52;4.27;7.84;2.14;0.00;2.14;4.27;0.00;122.54;12.11;1.42;14.25;6.41;7.84;0.71;1.42;0.71;0.71;2.14;0.71;17.81;2.85;0.71;3.56;13.54;0.00;2.14;0.71;1.42;0.71;0.71;2.14;0.00;3.56;2.14;7.12;3.56;0.71;30.63;16.39;0.71;52.72;15.67;4.99;0.00;0.71;1.42;1.42;13.54;4.99;10.69;0.71;4.27;0.00;3.56;0.71;2.14;4.99;1.42;2.85;1.42;0.00;0.71;1.42;0.71;23.51;118.26;136.78;349.09;527.19;4.27;3.56;0.00;0.71;3.56;3.56;2.85;2.85;9.97;27.78;2.85;3.56;14.96;0.71;0.00;2.14;4.27;74.80;8.55;0.00;4.27;5.70;7.84;0.00;7.84;7.84;2.85;2.14;0.00;0.00;0.00;45.59;2.85;9.97;14.25;3.56;0.71;40.61;386.13;88.34;13.54;2.14;0.00;0.00;7.84;0.00;0.71;3.56;0.00;0.00;0.00;0.00;1.42;0.00;4.27;41.32;3.56;140.35;0.00;0.00;8.55;0.00;0.00;0.71;2.14;3.56;0.00;0.71;2.14;11.40;4.27;9.26;79.79;10.69;11.40;62.69;14.96;64.12;14.96;160.29;21.37;0.71;6.41;3.56;0.71;20.66;7.84;10.69;6.41;7.12;38.47;15.67;0.71;0.71;1.42;2.85;15.67;76.23;0.71;0.00;2.14;0.00;0.71;2.14;1.42;0.00;56.99;2.85;7.12;0.00;5.70;11.40;0.00;0.00;0.00;0.00;0.00;1.42;385.42;0.71;2.14;20.66;1.42;1.42;1.42;0.71;4.27;0.71;0.71;1.42;27.78;2.85;4.99;0.00;2.14;3.56;0.71;0.00;0.00;0.00;0.00;0.71;0.71;0.71;0.00;7.84;9.97;0.00;2.85;0.00;17.10;3.56;52.72;7.12;7.12;3.56;4.99;2.14;2.85;0.00;0.71;2.14;0.71;0.71;5.70;0.00;4.99;0.71;3.56;2.14;23.51;17.10;0.71;2.14;9.97;14.96;29.21;704.58;171.69;4.27;1.42;19.24;3.56;2.85;2.85;2.85;1.42;1.42;0.00;27.07;3.56;3.56;0.71;7.12;4.99;13.54;8.55;3.56;81.22;68.39;5.70;24.93;3.56;0.00;2.14;2.14;7.12;7.12;33.48;24.22;22.09;12.82;3.56;17.81;12.82;7.12;24.22;4.99;124.67;2.85;3.56;0.00;3.56;0.71;7.84;0.00;7.84;2.85;0.71;0.00;2.14;0.00;0.00;0.71;4.99;0.00;0.00;3.56;2.14;1.42;85.49;5.70;34.20;180.95;4.99;12.82;78.37;0.71;53.43;0.00;2.85;14.25;22.80;9.97;2.14;0.00;9.97;0.00;0.00;1.42;0.71;0.00;2.85;2.14;0.00;8.55;0.71;4.27;5.70;25.65;0.00;22.09;59.13;14.25;4.99;2.85;24.93;5.70;0.00;1.42;22.80;0.71;0.71;4.27;0.71;2.85;7.12;2.14;26.36;2.14;9.26;18.52;2.85;3.56;0.71;1.42;17.10;2.14;0.71;4.27;3.56;9.26;6.41;54.14;12.82;15.67;51.29;505.11;0.00;10.69;535.03;9.26;14.96;827.12;12.11;13.54;51.29;33.48;10.69;0.71;0.00;0.00;0.71;0.71;2.85;5.70;0.71;1.42;0.00;0.00;0.71;7.12;0.00;3.56;2.14;0.71;2.14;1.42;0.00;0.00;19.24;37.76;2.85;0.71;3.56;2.14;52.01;37.76;11.40;0.00;0.00;2.85;3.56;3.56;35.62;3.56;3.56;0.00;0.00;0.00;0.00;0.00;0.71;0.00;0.71;0.71;0.71;0.71;0.00;0.00;0.00;1.42;0.71;0.71;1.42;0.71;7.12;0.00;3.56;0.71;3.56;2.85;1.42;0.71;0.00;0.00;0.71;0.00;2.14;9.26;0.00;0.00;4.27;0.71;54.86;48.44;10.69;39.18;0.00;7.84;0.00;5.70;146.76;17.81;0.00;20.66;0.00;121.11;4.99;0.00;0.00;0.00;0.00;2.14;13.54;0.71;0.00;0.71;2.85;0.71;0.00;0.71;6.41;0.71;0.00;0.00;0.00;4.99;19.95;4.27;0.00;5.70;7.84;4.99;9.97;80.50;12.82;117.55;0.71
L1C;lettuce;w1;C;L1;L_manured;L1_manured;7.76;11.08;19.95;2.22;7.76;4.43;8.87;1.11;2.22;0.00;3.32;0.00;5.54;16.62;5.54;18.84;4.43;4.43;5.54;8.87;0.00;7.76;2.22;0.00;9.97;28.81;6.65;2.22;14.41;0.00;2.22;1.11;0.00;21.06;27.71;1.11;173.99;36.57;29.92;14.41;4.43;4.43;2.22;3.32;1.11;62.06;1.11;9.97;0.00;1.11;0.00;0.00;3.32;1.11;15.52;0.00;18.84;2.22;0.00;3.32;1.11;7.76;0.00;0.00;12.19;0.00;6.65;7.76;17.73;2.22;3.32;0.00;3.32;0.00;1.11;147.40;1.11;0.00;15.52;8.87;97.52;83.12;6.65;5.54;3.32;0.00;1.11;2.22;1.11;1.11;9.97;6.65;0.00;11.08;1.11;2.22;7.76;0.00;0.00;24.38;11.08;3.32;4.43;14.41;1.11;0.00;7.76;8.87;5.54;22.16;1.11;70.93;12.19;5.54;0.00;5.54;1.11;3.32;0.00;0.00;31.03;4.43;2.22;15.52;0.00;2.22;5.54;1.11;9.97;16.62;2.22;6.65;16.62;14.41;1.11;1.11;0.00;3.32;208.35;11.08;87.55;32.14;136.31;4.43;9.97;16.62;345.77;66.49;138.53;139.64;1.11;1.11;12.19;52.09;27.71;21.06;2.22;2.22;1.11;0.00;0.00;0.00;1.11;35.46;15.52;11.08;2.22;0.00;0.00;0.00;2.22;1.11;38.79;6.65;3.32;0.00;41.00;6.65;22.16;36.57;17.73;5.54;9.97;1.11;0.00;3.32;5.54;2.22;106.39;13.30;0.00;15.52;12.19;13.30;0.00;4.43;0.00;0.00;4.43;2.22;17.73;4.43;0.00;7.76;21.06;0.00;1.11;0.00;2.22;2.22;0.00;2.22;1.11;6.65;3.32;7.76;4.43;1.11;29.92;22.16;0.00;42.11;5.54;4.43;0.00;1.11;0.00;1.11;8.87;9.97;14.41;0.00;9.97;1.11;1.11;1.11;2.22;3.32;0.00;1.11;2.22;0.00;0.00;1.11;0.00;26.60;109.72;125.23;342.45;453.27;4.43;0.00;0.00;0.00;5.54;6.65;4.43;3.32;12.19;25.49;3.32;3.32;14.41;0.00;1.11;5.54;2.22;65.39;6.65;1.11;6.65;6.65;7.76;0.00;12.19;4.43;5.54;3.32;0.00;0.00;0.00;50.98;2.22;13.30;14.41;4.43;2.22;52.09;400.07;82.01;23.27;3.32;0.00;0.00;7.76;0.00;1.11;1.11;0.00;0.00;0.00;0.00;0.00;1.11;9.97;53.20;4.43;156.26;1.11;1.11;4.43;0.00;0.00;0.00;2.22;3.32;0.00;1.11;3.32;16.62;7.76;7.76;74.25;4.43;11.08;46.55;14.41;76.47;31.03;145.18;14.41;0.00;5.54;1.11;0.00;18.84;11.08;8.87;4.43;12.19;35.46;13.30;0.00;1.11;2.22;4.43;15.52;91.98;1.11;2.22;3.32;0.00;0.00;2.22;2.22;1.11;58.74;11.08;15.52;1.11;7.76;6.65;0.00;0.00;1.11;0.00;1.11;2.22;362.39;1.11;1.11;21.06;2.22;1.11;0.00;0.00;4.43;0.00;3.32;0.00;24.38;3.32;6.65;0.00;4.43;4.43;0.00;1.11;0.00;2.22;1.11;1.11;0.00;1.11;0.00;9.97;19.95;2.22;7.76;0.00;23.27;5.54;48.76;7.76;6.65;2.22;3.32;4.43;3.32;0.00;0.00;3.32;2.22;0.00;6.65;1.11;3.32;1.11;2.22;3.32;18.84;24.38;0.00;6.65;17.73;16.62;33.25;724.79;148.50;4.43;2.22;24.38;4.43;4.43;3.32;4.43;3.32;1.11;0.00;41.00;3.32;1.11;0.00;8.87;3.32;13.30;18.84;2.22;85.33;77.58;3.32;26.60;3.32;1.11;5.54;2.22;5.54;9.97;29.92;24.38;21.06;7.76;2.22;16.62;21.06;6.65;22.16;3.32;120.80;4.43;6.65;0.00;3.32;1.11;5.54;1.11;7.76;3.32;0.00;0.00;1.11;0.00;1.11;0.00;2.22;0.00;0.00;2.22;3.32;8.87;94.20;4.43;41.00;175.10;2.22;15.52;93.09;0.00;50.98;0.00;4.43;16.62;23.27;15.52;1.11;0.00;8.87;1.11;3.32;5.54;2.22;0.00;2.22;4.43;0.00;13.30;2.22;6.65;3.32;14.41;1.11;22.16;50.98;13.30;3.32;0.00;19.95;5.54;0.00;1.11;21.06;0.00;0.00;2.22;0.00;6.65;6.65;1.11;27.71;2.22;11.08;13.30;3.32;7.76;1.11;4.43;8.87;0.00;0.00;7.76;2.22;6.65;8.87;55.41;7.76;12.19;47.65;462.13;1.11;13.30;528.63;14.41;21.06;802.36;12.19;15.52;50.98;41.00;6.65;0.00;1.11;0.00;0.00;0.00;2.22;4.43;1.11;0.00;0.00;0.00;0.00;3.32;0.00;6.65;1.11;2.22;0.00;1.11;0.00;0.00;18.84;34.36;2.22;4.43;6.65;2.22;54.30;37.68;12.19;2.22;0.00;1.11;6.65;5.54;34.36;3.32;1.11;0.00;0.00;0.00;0.00;0.00;1.11;0.00;0.00;1.11;1.11;1.11;0.00;0.00;0.00;3.32;0.00;1.11;4.43;0.00;8.87;0.00;4.43;0.00;3.32;6.65;3.32;1.11;0.00;2.22;1.11;0.00;2.22;6.65;0.00;1.11;2.22;3.32;56.52;43.22;14.41;48.76;0.00;6.65;1.11;5.54;137.42;22.16;0.00;28.81;0.00;120.80;3.32;0.00;1.11;0.00;2.22;3.32;6.65;0.00;0.00;0.00;1.11;2.22;1.11;3.32;3.32;3.32;0.00;0.00;0.00;4.43;12.19;8.87;1.11;16.62;11.08;8.87;9.97;82.01;16.62;107.50;2.22
L1D;lettuce;w1;D;L1;L_conventional;L1_conventional;3.21;8.03;6.43;0.00;4.82;1.61;10.44;0.00;4.02;0.80;0.80;0.80;1.61;6.43;0.80;5.62;1.61;0.00;1.61;2.41;0.80;10.44;0.80;0.80;4.82;18.47;7.23;4.82;22.49;0.00;0.80;4.02;0.00;12.85;30.52;0.00;134.93;13.65;14.46;8.83;4.82;0.00;1.61;1.61;0.00;43.37;0.00;0.80;0.00;0.80;0.00;0.00;1.61;2.41;6.43;0.00;10.44;0.00;0.80;0.00;3.21;2.41;0.00;0.00;5.62;0.00;5.62;1.61;12.05;0.80;2.41;0.00;0.80;0.00;0.00;156.61;0.80;0.00;10.44;3.21;101.20;45.78;2.41;2.41;4.02;0.00;1.61;0.80;0.00;7.23;4.02;0.80;0.00;6.43;0.00;0.80;1.61;0.80;0.00;28.11;4.82;2.41;3.21;7.23;0.00;0.00;0.00;4.02;3.21;18.47;0.00;65.86;6.43;0.00;0.00;1.61;1.61;2.41;0.00;0.00;26.50;1.61;0.00;7.23;0.00;1.61;3.21;0.00;2.41;13.65;0.80;2.41;8.83;4.02;0.00;1.61;0.00;4.02;205.60;3.21;87.54;29.72;124.49;1.61;4.02;7.23;247.37;40.16;138.14;162.23;2.41;1.61;4.02;12.05;24.09;26.50;7.23;0.80;0.00;0.00;1.61;0.00;0.00;23.29;10.44;4.02;3.21;0.00;0.00;0.00;0.80;0.80;23.29;4.02;1.61;0.00;40.16;6.43;22.49;30.52;8.03;2.41;8.83;0.80;0.00;0.00;2.41;2.41;84.33;2.41;0.00;4.02;1.61;3.21;0.80;0.00;0.00;0.00;2.41;1.61;7.23;0.80;0.00;2.41;6.43;0.00;3.21;0.00;0.80;0.80;0.80;1.61;0.00;2.41;0.80;3.21;0.80;0.00;14.46;4.02;0.00;16.87;9.64;3.21;0.00;0.00;2.41;0.80;13.65;3.21;13.65;0.00;4.82;0.00;0.00;0.00;1.61;5.62;6.43;0.00;1.61;0.00;0.00;0.00;0.80;12.85;99.59;118.06;311.62;448.15;2.41;0.00;0.00;0.00;0.80;3.21;0.00;3.21;3.21;22.49;1.61;4.02;22.49;0.80;0.00;1.61;0.80;58.63;9.64;0.80;1.61;1.61;1.61;0.00;6.43;1.61;2.41;0.80;0.00;0.00;0.00;32.13;1.61;8.03;3.21;1.61;0.00;48.19;329.29;66.66;16.87;3.21;0.00;0.00;4.82;0.00;0.80;0.80;0.00;0.00;0.00;0.00;1.61;0.00;3.21;54.61;0.00;157.42;2.41;0.00;1.61;0.00;0.00;0.00;1.61;0.80;0.00;0.00;0.80;12.85;2.41;4.82;77.90;4.82;10.44;29.72;8.83;57.83;10.44;151.79;8.03;0.00;4.82;3.21;0.00;20.88;7.23;12.85;3.21;12.05;25.70;8.83;0.80;0.00;0.80;4.02;9.64;73.89;1.61;0.80;1.61;0.00;0.00;0.00;0.80;0.00;44.17;5.62;11.24;0.00;6.43;3.21;0.00;0.00;0.00;0.00;0.00;1.61;413.62;4.02;3.21;18.47;1.61;0.00;0.00;0.80;1.61;0.80;2.41;0.80;11.24;1.61;2.41;0.80;0.80;0.80;0.00;0.00;0.00;0.80;0.80;0.00;0.80;0.80;0.00;7.23;6.43;0.00;1.61;0.00;5.62;5.62;64.25;8.03;4.82;2.41;4.02;0.80;0.00;0.00;0.00;1.61;0.00;0.80;3.21;0.00;2.41;0.00;4.82;0.00;10.44;18.47;1.61;1.61;4.82;9.64;22.49;672.23;97.18;2.41;0.80;16.06;1.61;0.00;0.80;0.80;1.61;0.00;0.00;14.46;1.61;3.21;0.00;0.80;3.21;12.05;3.21;1.61;53.01;32.13;8.03;17.67;0.00;0.00;5.62;1.61;2.41;8.03;44.17;9.64;11.24;2.41;2.41;5.62;9.64;6.43;20.88;3.21;44.17;2.41;5.62;0.00;3.21;0.80;2.41;0.00;3.21;4.02;2.41;0.00;1.61;0.00;0.80;0.00;2.41;0.00;0.80;0.00;1.61;0.00;57.02;1.61;12.85;116.46;0.00;7.23;55.42;1.61;48.99;0.00;1.61;16.87;12.05;5.62;4.82;0.00;13.65;0.80;0.00;1.61;0.00;0.00;1.61;4.82;0.00;13.65;0.00;0.00;4.02;10.44;0.00;16.06;47.39;6.43;4.02;3.21;22.49;4.82;0.00;0.00;14.46;0.00;0.80;0.80;0.80;2.41;7.23;0.00;35.34;1.61;15.26;14.46;0.00;8.03;0.80;3.21;8.83;3.21;0.00;8.03;1.61;3.21;3.21;50.60;9.64;11.24;42.57;475.46;0.00;11.24;501.96;12.85;9.64;851.33;5.62;16.87;51.40;26.50;7.23;0.00;0.00;0.00;0.00;0.00;0.80;0.80;0.00;0.00;0.00;0.00;0.00;4.02;0.00;0.80;3.21;0.00;0.00;0.00;0.00;0.00;5.62;33.73;1.61;0.00;5.62;2.41;51.40;32.93;6.43;0.00;0.00;2.41;4.02;3.21;25.70;4.82;3.21;0.00;0.00;0.00;0.80;0.80;0.80;0.00;0.00;0.00;0.80;0.00;0.00;0.00;0.00;1.61;0.00;0.80;0.80;0.00;5.62;0.80;2.41;1.61;3.21;5.62;4.02;0.00;0.00;0.00;0.00;0.00;0.80;3.21;0.00;0.80;1.61;1.61;50.60;37.75;8.03;46.58;0.00;13.65;0.00;4.82;134.93;16.87;0.00;10.44;0.00;118.86;6.43;0.00;0.80;0.80;0.00;1.61;5.62;0.80;0.00;0.00;0.00;0.00;0.80;0.80;4.02;0.80;0.00;0.00;0.00;3.21;14.46;2.41;0.00;8.83;9.64;4.82;7.23;77.90;20.08;94.77;0.80
L5A;lettuce;w5;A;L5;L_conventional;L5_conventional;14.30;17.87;58.97;1.79;32.17;17.87;10.72;1.79;10.72;1.79;12.51;10.72;17.87;26.81;8.94;37.53;10.72;5.36;25.02;21.44;0.00;30.38;3.57;0.00;10.72;25.02;1.79;0.00;8.94;0.00;16.08;1.79;0.00;67.91;1.79;1.79;255.54;91.14;82.20;39.31;12.51;5.36;1.79;3.57;0.00;89.35;12.51;17.87;0.00;0.00;0.00;0.00;3.57;1.79;35.74;0.00;30.38;10.72;1.79;0.00;0.00;16.08;5.36;0.00;12.51;0.00;37.53;0.00;71.48;7.15;10.72;0.00;1.79;0.00;0.00;159.04;10.72;0.00;23.23;14.30;153.68;157.26;14.30;12.51;5.36;0.00;1.79;0.00;1.79;16.08;23.23;19.66;0.00;26.81;0.00;3.57;7.15;5.36;0.00;46.46;12.51;5.36;19.66;39.31;1.79;0.00;14.30;19.66;28.59;46.46;5.36;126.88;25.02;1.79;0.00;19.66;8.94;12.51;0.00;5.36;44.68;7.15;5.36;41.10;0.00;1.79;3.57;5.36;28.59;25.02;8.94;26.81;60.76;42.89;8.94;10.72;3.57;35.74;294.86;28.59;96.50;39.31;235.89;16.08;21.44;37.53;879.21;278.77;337.75;166.19;7.15;17.87;50.04;239.46;42.89;30.38;0.00;0.00;1.79;0.00;1.79;0.00;10.72;57.18;26.81;26.81;7.15;0.00;0.00;0.00;7.15;0.00;60.76;10.72;1.79;0.00;73.27;7.15;26.81;62.55;60.76;7.15;12.51;7.15;5.36;8.94;5.36;3.57;241.25;25.02;1.79;35.74;37.53;30.38;5.36;14.30;16.08;3.57;8.94;3.57;28.59;3.57;1.79;14.30;50.04;0.00;1.79;0.00;0.00;0.00;3.57;12.51;5.36;32.17;16.08;19.66;10.72;8.94;89.35;60.76;1.79;107.22;39.31;10.72;0.00;0.00;1.79;3.57;51.82;37.53;21.44;3.57;8.94;3.57;1.79;1.79;3.57;8.94;3.57;3.57;1.79;0.00;7.15;0.00;3.57;82.20;243.03;262.69;444.97;764.84;5.36;0.00;0.00;3.57;0.00;5.36;10.72;1.79;30.38;55.40;3.57;5.36;28.59;3.57;14.30;23.23;3.57;89.35;19.66;5.36;21.44;21.44;16.08;0.00;16.08;5.36;33.95;5.36;5.36;1.79;0.00;57.18;8.94;10.72;50.04;19.66;10.72;66.12;528.96;96.50;28.59;14.30;5.36;0.00;12.51;0.00;5.36;8.94;0.00;1.79;0.00;0.00;0.00;5.36;39.31;28.59;16.08;151.90;1.79;0.00;10.72;0.00;0.00;1.79;7.15;1.79;0.00;7.15;8.94;23.23;14.30;35.74;112.58;17.87;30.38;132.24;33.95;96.50;78.63;166.19;48.25;8.94;23.23;5.36;7.15;39.31;42.89;8.94;12.51;30.38;69.69;26.81;3.57;8.94;1.79;8.94;33.95;135.81;3.57;1.79;0.00;0.00;5.36;10.72;8.94;1.79;80.42;21.44;25.02;1.79;10.72;42.89;0.00;0.00;3.57;0.00;7.15;1.79;450.33;0.00;5.36;10.72;23.23;1.79;0.00;0.00;8.94;3.57;8.94;0.00;94.71;14.30;12.51;5.36;7.15;1.79;0.00;0.00;0.00;3.57;1.79;0.00;3.57;0.00;1.79;28.59;35.74;3.57;23.23;3.57;66.12;5.36;73.27;7.15;14.30;10.72;8.94;21.44;10.72;0.00;1.79;3.57;12.51;3.57;25.02;1.79;16.08;1.79;5.36;12.51;42.89;30.38;1.79;12.51;33.95;33.95;58.97;948.91;402.08;7.15;7.15;48.25;23.23;16.08;3.57;7.15;30.38;12.51;0.00;64.33;5.36;10.72;0.00;30.38;14.30;16.08;46.46;3.57;185.85;153.68;5.36;37.53;5.36;7.15;10.72;10.72;10.72;12.51;21.44;87.56;73.27;35.74;10.72;66.12;46.46;17.87;19.66;16.08;364.55;7.15;3.57;0.00;7.15;3.57;5.36;1.79;10.72;1.79;5.36;1.79;1.79;0.00;0.00;0.00;16.08;1.79;0.00;3.57;1.79;28.59;167.98;16.08;82.20;312.73;12.51;41.10;189.42;0.00;55.40;1.79;14.30;17.87;37.53;12.51;5.36;0.00;0.00;0.00;10.72;8.94;3.57;0.00;5.36;10.72;0.00;5.36;8.94;21.44;8.94;98.29;3.57;48.25;105.43;32.17;5.36;1.79;39.31;10.72;0.00;0.00;30.38;0.00;1.79;16.08;1.79;10.72;12.51;0.00;14.30;10.72;51.82;41.10;12.51;0.00;0.00;7.15;46.46;0.00;3.57;3.57;3.57;10.72;8.94;96.50;51.82;16.08;98.29;471.77;0.00;7.15;981.07;1.79;1.79;823.81;35.74;46.46;73.27;85.78;16.08;0.00;0.00;0.00;3.57;0.00;10.72;3.57;3.57;1.79;0.00;0.00;0.00;21.44;0.00;21.44;7.15;1.79;7.15;5.36;0.00;0.00;32.17;51.82;5.36;1.79;10.72;7.15;71.48;50.04;30.38;5.36;0.00;3.57;12.51;1.79;58.97;3.57;10.72;0.00;0.00;0.00;0.00;0.00;0.00;0.00;0.00;0.00;0.00;0.00;0.00;0.00;0.00;3.57;0.00;0.00;1.79;0.00;21.44;0.00;5.36;0.00;7.15;12.51;0.00;0.00;0.00;0.00;0.00;0.00;0.00;5.36;0.00;1.79;1.79;5.36;87.56;64.33;16.08;75.05;1.79;0.00;0.00;3.57;151.90;14.30;0.00;39.31;0.00;159.04;17.87;0.00;3.57;0.00;8.94;8.94;26.81;0.00;0.00;1.79;3.57;1.79;7.15;17.87;7.15;8.94;0.00;0.00;7.15;12.51;21.44;5.36;0.00;16.08;8.94;5.36;25.02;109.01;10.72;221.59;7.15
L5B;lettuce;w5;B;L5;L_manured;L5_manured;22.35;33.52;102.81;0.00;29.05;33.52;37.99;4.47;6.70;6.70;20.11;11.17;31.29;58.11;15.64;67.05;22.35;15.64;35.76;24.58;0.00;31.29;2.23;0.00;33.52;37.99;2.23;0.00;2.23;0.00;17.88;0.00;0.00;64.81;0.00;0.00;315.13;131.86;116.22;44.70;6.70;13.41;0.00;11.17;2.23;100.57;26.82;17.88;0.00;2.23;0.00;2.23;0.00;0.00;31.29;0.00;44.70;4.47;2.23;0.00;0.00;20.11;4.47;0.00;2.23;0.00;24.58;4.47;116.22;6.70;22.35;0.00;0.00;0.00;0.00;165.39;4.47;0.00;17.88;37.99;181.03;259.25;35.76;11.17;4.47;0.00;0.00;2.23;0.00;22.35;26.82;31.29;0.00;33.52;2.23;6.70;4.47;0.00;0.00;64.81;29.05;11.17;31.29;55.87;11.17;0.00;24.58;51.40;26.82;37.99;6.70;107.28;24.58;6.70;0.00;29.05;4.47;26.82;0.00;8.94;64.81;26.82;20.11;69.28;2.23;2.23;17.88;4.47;64.81;35.76;22.35;33.52;78.22;75.99;13.41;15.64;2.23;46.93;350.89;33.52;111.75;64.81;377.71;26.82;20.11;44.70;1200.17;353.12;422.41;158.68;13.41;15.64;100.57;449.23;51.40;20.11;0.00;4.47;11.17;0.00;4.47;2.23;15.64;67.05;13.41;29.05;6.70;2.23;4.47;0.00;13.41;0.00;67.05;20.11;0.00;0.00;82.69;26.82;29.05;69.28;93.87;20.11;6.70;2.23;4.47;11.17;15.64;0.00;283.84;37.99;2.23;60.34;64.81;60.34;2.23;31.29;8.94;6.70;22.35;2.23;51.40;4.47;2.23;17.88;93.87;0.00;0.00;0.00;0.00;0.00;0.00;8.94;6.70;42.46;15.64;26.82;17.88;15.64;113.98;105.04;0.00;205.62;62.58;20.11;0.00;0.00;0.00;6.70;53.64;58.11;31.29;0.00;2.23;4.47;8.94;4.47;11.17;8.94;2.23;0.00;2.23;2.23;11.17;0.00;6.70;147.51;306.19;335.24;534.15;887.28;8.94;0.00;0.00;0.00;0.00;2.23;11.17;4.47;20.11;93.87;2.23;0.00;15.64;6.70;33.52;17.88;11.17;102.81;31.29;15.64;49.17;37.99;24.58;0.00;24.58;17.88;35.76;2.23;6.70;0.00;0.00;44.70;6.70;24.58;69.28;22.35;8.94;82.69;514.04;120.69;53.64;11.17;0.00;0.00;22.35;0.00;2.23;4.47;2.23;0.00;4.47;2.23;2.23;11.17;40.23;6.70;33.52;196.68;0.00;4.47;15.64;0.00;2.23;2.23;8.94;13.41;0.00;11.17;4.47;40.23;37.99;40.23;84.93;33.52;33.52;163.15;44.70;154.21;107.28;172.09;49.17;6.70;33.52;11.17;15.64;42.46;60.34;4.47;22.35;49.17;89.40;51.40;2.23;4.47;2.23;8.94;40.23;127.39;0.00;6.70;4.47;0.00;4.47;15.64;17.88;6.70;102.81;31.29;46.93;6.70;35.76;37.99;0.00;0.00;2.23;0.00;6.70;6.70;487.22;0.00;0.00;2.23;15.64;6.70;8.94;8.94;11.17;4.47;13.41;0.00;120.69;20.11;33.52;6.70;15.64;2.23;2.23;0.00;0.00;0.00;0.00;2.23;4.47;0.00;0.00;67.05;46.93;13.41;42.46;6.70;78.22;0.00;75.99;11.17;26.82;0.00;6.70;29.05;22.35;4.47;2.23;8.94;20.11;2.23;53.64;4.47;20.11;6.70;4.47;15.64;46.93;24.58;17.88;17.88;35.76;62.58;69.28;994.55;516.27;11.17;17.88;69.28;31.29;24.58;4.47;6.70;33.52;26.82;6.70;96.10;13.41;4.47;0.00;24.58;13.41;4.47;78.22;13.41;263.72;214.56;13.41;60.34;13.41;8.94;17.88;8.94;20.11;24.58;11.17;131.86;93.87;44.70;20.11;87.16;55.87;24.58;33.52;17.88;603.44;15.64;4.47;0.00;13.41;8.94;11.17;2.23;37.99;4.47;6.70;4.47;4.47;0.00;2.23;2.23;13.41;2.23;2.23;2.23;6.70;62.58;181.03;29.05;145.27;429.11;8.94;24.58;250.31;4.47;82.69;6.70;26.82;24.58;17.88;22.35;2.23;0.00;0.00;0.00;4.47;4.47;6.70;0.00;11.17;8.94;0.00;4.47;20.11;51.40;20.11;129.63;8.94;69.28;113.98;49.17;8.94;2.23;33.52;6.70;0.00;0.00;33.52;0.00;0.00;20.11;8.94;13.41;22.35;0.00;6.70;11.17;31.29;60.34;15.64;0.00;0.00;20.11;40.23;0.00;0.00;2.23;0.00;20.11;26.82;147.51;71.52;24.58;120.69;556.50;0.00;8.94;1305.21;0.00;0.00;867.16;51.40;58.11;91.63;109.51;37.99;0.00;0.00;0.00;4.47;4.47;8.94;8.94;4.47;0.00;0.00;0.00;0.00;2.23;0.00;6.70;4.47;0.00;2.23;2.23;0.00;0.00;37.99;49.17;8.94;4.47;11.17;4.47;82.69;62.58;31.29;6.70;13.41;2.23;20.11;2.23;107.28;2.23;6.70;0.00;0.00;0.00;0.00;0.00;0.00;0.00;0.00;0.00;0.00;0.00;0.00;0.00;0.00;0.00;2.23;2.23;6.70;2.23;22.35;0.00;6.70;0.00;8.94;17.88;0.00;2.23;0.00;0.00;0.00;0.00;0.00;2.23;0.00;0.00;0.00;6.70;89.40;60.34;17.88;98.34;2.23;4.47;0.00;0.00;167.62;15.64;4.47;31.29;4.47;198.91;26.82;2.23;0.00;0.00;8.94;4.47;31.29;0.00;0.00;0.00;6.70;0.00;4.47;6.70;11.17;17.88;0.00;0.00;17.88;11.17;13.41;17.88;2.23;11.17;11.17;8.94;42.46;116.22;6.70;245.84;8.94
L5C;lettuce;w5;C;L5;L_manured;L5_manured;30.78;30.78;94.53;0.00;32.97;26.38;41.77;4.40;6.59;2.20;13.19;17.59;26.38;57.16;17.59;59.35;19.78;10.99;35.17;28.58;0.00;30.78;0.00;0.00;17.59;41.77;4.40;0.00;4.40;2.20;19.78;0.00;2.20;81.34;0.00;2.20;307.76;116.51;114.31;50.56;13.19;15.39;0.00;19.78;2.20;123.11;15.39;21.98;0.00;2.20;0.00;0.00;2.20;4.40;28.58;0.00;35.17;8.79;2.20;0.00;0.00;19.78;4.40;2.20;15.39;0.00;37.37;6.59;87.93;17.59;28.58;0.00;0.00;0.00;0.00;169.27;13.19;0.00;21.98;30.78;182.46;215.44;35.17;21.98;6.59;0.00;0.00;0.00;0.00;28.58;26.38;19.78;0.00;32.97;2.20;13.19;15.39;0.00;0.00;65.95;24.18;2.20;30.78;48.36;2.20;0.00;30.78;46.16;28.58;48.36;10.99;112.11;35.17;4.40;0.00;32.97;0.00;30.78;2.20;10.99;50.56;13.19;8.79;72.54;0.00;4.40;19.78;8.79;52.76;26.38;8.79;30.78;61.55;48.36;6.59;4.40;2.20;50.56;367.12;41.77;116.51;59.35;325.35;17.59;30.78;39.57;1085.97;334.14;415.48;160.48;8.79;13.19;85.73;389.10;65.95;26.38;0.00;2.20;2.20;2.20;4.40;4.40;19.78;63.75;35.17;21.98;8.79;0.00;4.40;0.00;10.99;0.00;68.15;10.99;2.20;0.00;103.32;6.59;28.58;92.33;81.34;13.19;10.99;4.40;8.79;10.99;10.99;0.00;331.95;32.97;0.00;59.35;70.35;41.77;2.20;13.19;10.99;4.40;13.19;4.40;41.77;6.59;4.40;17.59;83.54;0.00;0.00;0.00;0.00;4.40;2.20;13.19;8.79;30.78;19.78;24.18;28.58;10.99;118.71;98.92;2.20;184.66;50.56;21.98;4.40;2.20;0.00;2.20;68.15;46.16;15.39;0.00;0.00;2.20;4.40;2.20;2.20;17.59;2.20;2.20;0.00;0.00;8.79;0.00;10.99;131.90;270.39;281.38;512.21;861.74;4.40;0.00;0.00;0.00;0.00;2.20;15.39;4.40;30.78;81.34;13.19;2.20;35.17;4.40;10.99;21.98;6.59;103.32;17.59;10.99;43.97;39.57;30.78;0.00;24.18;24.18;41.77;6.59;2.20;2.20;4.40;41.77;6.59;13.19;70.35;15.39;8.79;85.73;457.25;125.30;41.77;15.39;2.20;0.00;28.58;0.00;15.39;4.40;2.20;0.00;0.00;0.00;2.20;6.59;59.35;30.78;13.19;153.88;0.00;2.20;10.99;0.00;4.40;4.40;8.79;10.99;2.20;6.59;8.79;15.39;39.57;28.58;140.69;19.78;24.18;169.27;63.75;145.09;96.73;145.09;52.76;10.99;39.57;8.79;10.99;50.56;63.75;17.59;15.39;37.37;85.73;37.37;2.20;8.79;0.00;15.39;32.97;120.91;2.20;6.59;2.20;2.20;2.20;6.59;17.59;6.59;87.93;41.77;37.37;6.59;32.97;41.77;0.00;2.20;4.40;2.20;13.19;2.20;452.85;0.00;6.59;13.19;13.19;8.79;4.40;2.20;10.99;4.40;6.59;2.20;162.68;24.18;26.38;6.59;15.39;2.20;0.00;0.00;0.00;0.00;0.00;4.40;2.20;2.20;2.20;54.96;63.75;6.59;35.17;2.20;101.12;4.40;72.54;8.79;15.39;10.99;8.79;19.78;17.59;2.20;0.00;2.20;10.99;6.59;30.78;0.00;19.78;13.19;8.79;10.99;46.16;35.17;10.99;10.99;48.36;37.37;72.54;901.31;545.18;8.79;17.59;61.55;19.78;19.78;10.99;8.79;32.97;13.19;2.20;103.32;15.39;8.79;0.00;41.77;13.19;19.78;79.14;10.99;222.03;193.45;6.59;43.97;15.39;13.19;13.19;13.19;24.18;17.59;13.19;142.89;92.33;70.35;17.59;81.34;63.75;19.78;32.97;8.79;534.19;13.19;6.59;2.20;8.79;4.40;8.79;0.00;26.38;8.79;0.00;0.00;2.20;0.00;6.59;0.00;13.19;2.20;2.20;4.40;4.40;35.17;171.47;26.38;129.70;389.10;13.19;35.17;259.40;2.20;70.35;2.20;15.39;24.18;32.97;13.19;6.59;2.20;0.00;0.00;8.79;6.59;8.79;2.20;19.78;8.79;0.00;8.79;8.79;26.38;15.39;129.70;6.59;59.35;131.90;57.16;13.19;6.59;39.57;2.20;0.00;0.00;43.97;0.00;0.00;21.98;4.40;4.40;32.97;0.00;6.59;8.79;39.57;46.16;19.78;0.00;0.00;10.99;41.77;0.00;0.00;2.20;2.20;24.18;21.98;87.93;52.76;26.38;112.11;441.86;2.20;10.99;1092.56;2.20;0.00;883.72;30.78;57.16;94.53;85.73;28.58;0.00;0.00;0.00;4.40;4.40;8.79;10.99;4.40;0.00;0.00;0.00;2.20;10.99;2.20;10.99;6.59;2.20;4.40;4.40;0.00;0.00;46.16;68.15;8.79;6.59;10.99;13.19;61.55;50.56;37.37;2.20;4.40;4.40;17.59;4.40;114.31;10.99;6.59;0.00;0.00;0.00;0.00;0.00;0.00;0.00;0.00;2.20;2.20;0.00;0.00;0.00;0.00;2.20;4.40;0.00;6.59;2.20;21.98;0.00;10.99;4.40;15.39;15.39;2.20;4.40;0.00;2.20;0.00;4.40;0.00;2.20;0.00;2.20;0.00;4.40;94.53;94.53;13.19;105.52;4.40;2.20;0.00;2.20;206.64;19.78;6.59;46.16;4.40;206.64;35.17;0.00;0.00;0.00;13.19;13.19;37.37;0.00;0.00;0.00;8.79;0.00;4.40;8.79;15.39;13.19;0.00;4.40;17.59;19.78;30.78;21.98;4.40;19.78;10.99;8.79;39.57;138.49;10.99;255.01;10.99
L5D;lettuce;w5;D;L5;L_conventional;L5_conventional;0.00;10.98;68.60;0.00;27.44;8.23;19.21;2.74;5.49;0.00;13.72;16.46;13.72;32.93;5.49;60.37;8.23;0.00;13.72;30.18;0.00;27.44;2.74;0.00;24.69;19.21;2.74;0.00;8.23;0.00;19.21;2.74;0.00;57.62;0.00;0.00;310.06;104.27;104.27;35.67;8.23;8.23;0.00;2.74;0.00;107.01;10.98;10.98;0.00;2.74;0.00;0.00;2.74;5.49;35.67;0.00;46.65;0.00;0.00;0.00;0.00;24.69;2.74;0.00;19.21;0.00;32.93;2.74;54.88;13.72;21.95;0.00;2.74;0.00;0.00;238.72;8.23;2.74;21.95;30.18;159.14;178.35;21.95;8.23;0.00;0.00;2.74;8.23;10.98;19.21;27.44;10.98;0.00;27.44;2.74;2.74;5.49;2.74;0.00;65.85;16.46;5.49;21.95;38.41;5.49;0.00;2.74;13.72;27.44;63.11;5.49;131.71;13.72;0.00;0.00;21.95;5.49;16.46;0.00;0.00;54.88;10.98;8.23;52.13;0.00;0.00;21.95;5.49;35.67;27.44;5.49;21.95;57.62;41.16;10.98;8.23;0.00;27.44;296.34;35.67;123.47;57.62;296.34;21.95;32.93;43.90;1105.78;318.29;411.58;192.07;5.49;16.46;46.65;268.90;41.16;21.95;8.23;0.00;2.74;2.74;8.23;5.49;8.23;74.08;38.41;16.46;2.74;0.00;0.00;0.00;5.49;0.00;71.34;8.23;0.00;0.00;112.50;16.46;38.41;65.85;57.62;8.23;16.46;0.00;5.49;5.49;10.98;5.49;271.64;35.67;0.00;57.62;52.13;21.95;0.00;16.46;5.49;0.00;5.49;2.74;13.72;2.74;2.74;16.46;93.29;0.00;0.00;0.00;0.00;0.00;0.00;5.49;8.23;13.72;13.72;21.95;21.95;10.98;98.78;82.32;0.00;203.05;30.18;13.72;0.00;0.00;0.00;2.74;52.13;38.41;24.69;2.74;5.49;5.49;2.74;0.00;2.74;8.23;0.00;8.23;0.00;0.00;0.00;0.00;10.98;148.17;296.34;323.78;578.96;894.50;5.49;2.74;0.00;0.00;0.00;8.23;10.98;2.74;43.90;49.39;5.49;8.23;35.67;2.74;13.72;19.21;13.72;87.80;10.98;8.23;30.18;19.21;27.44;0.00;13.72;16.46;13.72;2.74;0.00;0.00;0.00;30.18;2.74;8.23;54.88;21.95;0.00;68.60;581.70;120.73;43.90;38.41;5.49;0.00;13.72;0.00;2.74;2.74;0.00;0.00;0.00;0.00;2.74;8.23;30.18;54.88;21.95;189.33;2.74;0.00;8.23;0.00;0.00;2.74;2.74;8.23;0.00;2.74;10.98;46.65;19.21;41.16;137.19;30.18;21.95;150.91;63.11;96.04;71.34;227.74;46.65;0.00;10.98;8.23;5.49;76.83;41.16;8.23;16.46;21.95;65.85;27.44;2.74;2.74;2.74;10.98;54.88;134.45;2.74;2.74;0.00;0.00;2.74;2.74;13.72;5.49;76.83;46.65;35.67;5.49;16.46;46.65;0.00;2.74;0.00;0.00;8.23;5.49;469.20;0.00;5.49;19.21;19.21;5.49;2.74;0.00;13.72;2.74;2.74;5.49;107.01;16.46;19.21;2.74;0.00;2.74;0.00;0.00;0.00;0.00;0.00;2.74;2.74;2.74;2.74;32.93;49.39;5.49;16.46;5.49;76.83;2.74;107.01;19.21;10.98;16.46;10.98;13.72;10.98;5.49;0.00;0.00;2.74;10.98;27.44;0.00;10.98;5.49;2.74;16.46;52.13;21.95;0.00;16.46;32.93;43.90;74.08;1009.75;480.18;5.49;0.00;63.11;10.98;10.98;2.74;8.23;27.44;13.72;2.74;32.93;8.23;21.95;0.00;13.72;19.21;27.44;46.65;13.72;205.79;137.19;5.49;32.93;8.23;0.00;24.69;5.49;0.00;8.23;27.44;115.24;74.08;52.13;8.23;60.37;54.88;19.21;10.98;8.23;386.89;10.98;0.00;0.00;2.74;2.74;8.23;0.00;21.95;2.74;5.49;2.74;2.74;5.49;0.00;0.00;5.49;2.74;0.00;5.49;0.00;30.18;167.38;24.69;109.76;348.47;13.72;63.11;241.46;2.74;63.11;2.74;13.72;10.98;46.65;10.98;5.49;0.00;0.00;0.00;0.00;8.23;2.74;0.00;8.23;16.46;0.00;2.74;10.98;13.72;10.98;107.01;2.74;57.62;134.45;52.13;19.21;0.00;43.90;5.49;2.74;0.00;32.93;2.74;0.00;16.46;5.49;13.72;19.21;0.00;10.98;5.49;68.60;46.65;10.98;2.74;2.74;13.72;43.90;0.00;0.00;0.00;2.74;19.21;19.21;117.99;30.18;24.69;134.45;543.29;0.00;8.23;1240.23;2.74;8.23;856.09;38.41;41.16;96.04;101.52;30.18;0.00;0.00;0.00;0.00;0.00;13.72;10.98;0.00;0.00;0.00;0.00;0.00;19.21;0.00;5.49;8.23;5.49;5.49;5.49;0.00;0.00;60.37;49.39;19.21;8.23;10.98;5.49;76.83;49.39;35.67;0.00;8.23;0.00;21.95;2.74;87.80;5.49;13.72;2.74;0.00;0.00;0.00;0.00;0.00;0.00;0.00;0.00;0.00;0.00;0.00;0.00;0.00;2.74;0.00;0.00;2.74;2.74;5.49;0.00;8.23;0.00;16.46;10.98;5.49;0.00;0.00;0.00;0.00;0.00;0.00;8.23;0.00;0.00;0.00;5.49;68.60;65.85;27.44;74.08;0.00;0.00;0.00;2.74;172.86;32.93;0.00;57.62;0.00;183.84;27.44;0.00;0.00;0.00;2.74;5.49;35.67;0.00;0.00;0.00;5.49;0.00;2.74;5.49;2.74;10.98;0.00;0.00;8.23;19.21;32.93;2.74;0.00;16.46;8.23;10.98;24.69;137.19;2.74;211.28;2.74
M0Z;manure;w0;Z;M0;M_untreated;M0_untreated;4.01;4.01;11.35;0.00;2.67;2.67;3.34;0.00;2.00;0.00;0.67;6.01;0.67;12.02;0.67;2.67;2.67;0.00;5.34;5.34;0.00;11.35;0.00;0.00;4.01;0.67;0.67;2.00;0.00;1.34;0.00;13.35;6.68;1.34;30.71;51.41;102.83;15.36;6.68;4.01;8.68;9.35;2.67;1.34;20.03;11.35;0.00;3.34;0.00;1.34;1.34;4.67;2.00;3.34;0.00;23.37;5.34;0.67;0.00;0.00;0.00;0.00;0.67;3.34;0.67;0.00;0.67;3.34;0.00;0.00;18.03;0.67;0.00;0.00;0.00;52.08;2.67;0.00;18.03;44.74;199.64;94.15;6.68;12.69;39.39;13.35;3.34;0.00;0.00;4.01;3.34;0.00;0.67;4.01;0.00;2.67;0.67;0.00;0.67;22.03;3.34;3.34;30.71;6.68;0.67;0.00;7.34;2.67;1.34;26.71;0.67;60.09;5.34;2.00;0.00;2.67;1.34;4.01;0.00;2.67;8.01;1.34;0.00;0.67;0.00;2.67;0.67;0.00;4.67;3.34;11.35;0.00;4.01;0.67;0.00;1.34;0.00;1.34;76.79;0.67;21.37;66.10;99.49;16.02;0.00;2.00;383.26;132.20;243.71;161.58;25.37;9.35;0.00;2.00;14.69;1.34;2.67;0.00;0.67;0.00;0.67;0.67;1.34;17.36;0.67;2.67;5.34;0.00;0.00;1.34;14.02;12.02;6.68;0.00;0.00;0.00;0.00;0.00;4.01;30.71;10.02;3.34;6.01;0.00;0.00;0.00;2.67;0.00;124.86;0.67;0.00;8.01;4.67;11.35;2.00;2.67;0.67;0.00;2.67;0.00;0.67;41.40;0.00;2.67;26.04;0.00;0.00;0.00;0.67;0.67;0.00;5.34;2.67;2.00;0.00;0.00;0.67;0.67;6.68;3.34;0.00;2.67;12.02;2.67;0.00;0.00;0.00;4.01;6.68;62.76;12.69;0.00;0.00;0.00;1.34;1.34;0.00;8.01;4.67;0.00;0.67;0.00;2.00;0.00;0.00;14.69;60.09;56.09;184.29;407.97;12.02;0.00;0.67;0.00;0.00;1.34;0.67;2.67;4.67;0.67;6.01;4.01;15.36;2.00;0.00;1.34;3.34;101.49;2.67;2.67;1.34;0.67;4.01;0.00;1.34;1.34;0.67;0.00;0.00;0.00;0.00;37.39;1.34;24.70;1.34;4.01;1.34;34.72;274.42;76.12;6.01;0.00;0.00;0.67;1.34;0.67;1.34;0.00;0.00;0.67;0.67;0.67;0.00;0.00;0.67;10.68;2.00;173.60;0.00;0.67;2.00;0.00;1.34;1.34;0.67;1.34;0.00;0.00;4.01;10.02;3.34;2.00;99.49;0.67;7.34;142.22;68.11;125.53;72.78;217.67;4.01;0.00;2.67;0.00;2.67;6.68;6.68;20.70;2.00;16.69;0.67;20.03;3.34;0.67;2.67;2.00;0.67;52.08;0.67;4.67;1.34;0.00;2.00;2.67;0.67;0.00;37.39;5.34;5.34;0.00;1.34;1.34;0.00;0.00;0.00;0.00;1.34;6.68;372.58;12.69;6.01;3.34;2.00;0.00;0.00;1.34;0.67;0.00;0.00;0.67;37.39;0.00;0.67;0.00;0.67;7.34;37.39;0.00;0.67;4.67;1.34;0.67;0.67;0.00;20.03;10.02;14.69;0.00;2.00;0.00;1.34;2.00;114.18;5.34;10.02;0.00;14.02;2.00;0.00;0.00;2.67;1.34;0.00;0.00;0.00;0.00;3.34;23.37;36.06;0.00;42.73;16.69;3.34;0.00;2.67;2.67;18.03;781.21;249.72;9.35;74.78;0.67;6.68;2.00;0.67;4.01;0.00;1.34;0.00;0.00;0.00;0.00;2.00;3.34;2.00;0.00;2.67;0.00;32.05;34.05;11.35;30.71;0.00;0.00;1.34;2.67;0.00;40.73;2.00;2.00;2.67;0.67;0.00;2.00;4.01;3.34;8.68;4.67;4.01;34.05;10.68;0.00;9.35;24.04;4.67;1.34;2.67;8.01;6.68;3.34;5.34;3.34;4.67;2.67;2.67;4.01;8.01;10.02;16.69;0.00;33.39;0.67;4.67;109.50;1.34;1.34;26.04;0.00;42.73;2.00;16.02;6.68;9.35;4.67;0.00;0.00;0.00;2.67;0.00;2.67;0.00;0.00;2.00;2.67;0.00;24.04;0.00;7.34;0.00;3.34;0.00;12.02;12.69;1.34;3.34;2.00;0.67;5.34;1.34;1.34;16.69;3.34;2.67;0.00;0.00;0.00;40.73;11.35;50.08;0.00;4.01;1.34;0.67;2.67;0.00;2.67;4.01;12.69;2.67;10.68;11.35;3.34;0.67;38.73;10.02;14.69;38.73;261.07;17.36;28.04;576.89;30.71;26.71;973.51;5.34;4.01;15.36;46.74;10.68;0.67;2.00;1.34;12.69;1.34;0.00;16.02;0.00;3.34;0.00;0.67;0.00;0.67;0.00;13.35;0.00;0.00;0.00;0.00;0.67;0.67;5.34;41.40;0.00;0.00;7.34;10.68;36.06;2.00;5.34;0.67;0.67;0.67;22.03;6.68;37.39;16.69;10.02;0.00;0.00;0.00;0.00;0.00;0.67;0.00;0.67;0.00;0.00;0.67;0.00;0.00;0.00;0.00;2.00;1.34;0.67;1.34;1.34;0.67;0.00;2.67;0.67;0.00;0.00;0.00;0.00;0.00;0.67;0.00;0.00;0.00;0.00;0.00;0.00;0.00;58.09;44.74;74.78;72.78;4.01;20.03;0.00;0.00;205.65;0.67;0.00;1.34;0.67;40.73;1.34;0.00;0.00;6.68;0.67;0.00;0.67;6.01;0.00;0.00;0.00;0.00;0.00;0.00;1.34;28.71;0.67;0.00;0.00;0.00;3.34;0.00;0.00;0.67;0.67;0.67;0.00;41.40;4.67;247.72;1.34
S0Z;soil;w0;Z;S0;S_untreated;S0_untreated;1.39;4.16;2.77;0.69;2.08;0.00;2.77;0.69;2.08;0.00;0.00;0.00;0.00;4.85;0.00;4.85;2.08;0.00;0.00;0.69;2.08;4.85;0.69;0.69;3.46;9.70;8.31;9.00;36.01;0.00;0.69;1.39;1.39;0.69;41.55;0.00;110.11;11.77;7.62;2.77;5.54;0.69;2.77;1.39;2.77;33.24;0.00;1.39;0.00;0.69;0.00;0.00;0.00;0.69;0.00;0.00;4.85;0.00;2.08;0.69;6.23;0.69;0.00;0.00;2.77;0.00;4.85;2.08;0.00;0.00;1.39;0.00;2.77;0.00;0.00;127.42;0.00;0.00;11.77;0.69;97.64;60.25;7.62;1.39;0.69;0.00;0.00;0.00;0.00;0.69;0.69;0.00;0.00;2.77;0.69;1.39;2.77;0.69;0.00;26.32;1.39;8.31;2.77;3.46;0.00;0.00;0.00;0.00;0.69;7.62;0.69;63.02;3.46;0.00;0.00;0.69;1.39;1.39;0.00;0.69;18.01;0.69;0.00;5.54;0.00;1.39;0.00;0.00;0.69;1.39;0.00;0.69;5.54;1.39;0.00;0.00;2.77;3.46;148.89;0.00;65.79;15.93;105.95;2.77;2.77;2.08;157.20;13.16;77.56;105.26;1.39;1.39;0.00;0.69;9.70;14.54;4.16;0.00;0.69;0.00;0.69;0.00;0.00;19.39;0.69;0.69;0.00;0.00;0.00;0.00;0.69;2.08;10.39;1.39;1.39;0.00;18.01;1.39;12.47;35.32;4.16;0.00;2.77;0.69;0.00;0.69;4.16;0.00;85.18;1.39;0.00;9.00;0.69;0.69;0.69;0.00;0.00;0.00;0.69;0.00;4.16;2.08;0.00;0.00;5.54;0.00;0.69;0.00;0.00;0.00;0.00;0.69;0.00;0.69;0.00;1.39;2.08;0.00;6.93;2.08;0.00;3.46;6.23;1.39;0.00;0.00;0.00;3.46;9.00;0.69;5.54;0.00;1.39;0.00;0.69;0.00;0.69;2.77;1.39;0.00;0.69;0.00;0.00;0.69;0.00;5.54;100.41;113.57;249.30;389.19;3.46;1.39;0.00;0.00;2.77;2.77;0.00;2.08;2.77;13.85;0.69;4.85;15.93;0.69;0.00;0.69;0.69;38.78;2.77;0.69;0.00;0.00;0.69;0.00;1.39;1.39;0.00;0.69;0.00;0.00;0.00;40.17;0.00;6.93;0.69;0.00;0.00;29.78;265.92;43.63;13.16;0.69;0.00;0.00;2.77;0.00;0.69;0.00;0.00;0.69;0.00;0.00;1.39;0.00;0.00;37.40;0.00;159.28;0.00;0.00;0.69;0.00;0.69;0.00;0.00;0.00;0.00;0.00;0.00;19.39;1.39;3.46;54.71;0.00;6.93;13.85;9.00;48.48;6.93;135.04;6.23;0.69;2.08;1.39;0.69;17.31;2.08;10.39;3.46;6.93;17.31;4.16;0.00;0.00;0.00;1.39;1.39;37.40;2.08;2.77;0.69;0.00;0.00;0.00;0.00;0.00;40.86;0.69;0.69;0.00;4.85;0.69;0.00;0.00;0.00;0.00;0.00;6.93;314.40;2.77;0.69;19.39;2.08;0.00;0.00;0.00;2.77;0.00;2.08;0.69;7.62;0.69;0.00;0.00;0.69;1.39;0.00;0.00;0.00;1.39;0.69;0.00;0.69;0.00;0.00;1.39;2.08;0.00;1.39;0.00;2.08;3.46;44.32;7.62;5.54;0.00;4.16;0.00;0.00;0.00;0.00;1.39;0.00;0.00;0.00;0.00;2.08;0.00;2.77;0.00;4.16;11.77;2.08;0.69;2.08;1.39;5.54;570.63;99.03;2.08;0.00;7.62;1.39;0.00;0.00;0.69;0.69;0.00;0.00;0.00;0.00;2.08;0.00;4.16;2.08;5.54;0.00;0.00;27.01;19.39;6.23;8.31;0.00;0.00;0.69;0.69;0.00;6.93;25.62;2.08;5.54;0.00;3.46;3.46;4.85;2.08;15.93;0.00;18.01;2.08;2.77;0.00;1.39;0.00;2.08;0.00;2.77;2.08;3.46;0.00;2.77;0.00;1.39;0.00;1.39;0.00;0.69;1.39;0.69;0.00;48.48;0.00;2.08;94.18;0.00;3.46;33.93;0.00;32.55;0.00;2.08;19.39;15.24;8.31;3.46;0.00;17.31;0.00;0.00;1.39;0.00;0.00;2.08;6.93;0.00;13.16;0.69;0.00;0.69;2.08;0.00;5.54;43.63;3.46;0.69;2.08;6.93;2.77;0.00;0.69;15.93;0.00;0.00;0.00;0.00;0.00;4.85;2.77;25.62;0.00;3.46;6.23;2.77;13.85;1.39;2.08;4.85;2.08;1.39;6.23;4.85;1.39;2.77;37.40;2.08;9.00;28.39;462.59;2.08;12.47;386.42;13.16;14.54;781.84;0.00;12.47;33.93;18.01;2.08;0.00;0.00;0.00;0.00;0.00;0.69;3.46;0.00;1.39;0.00;0.00;0.00;2.08;0.00;2.08;0.69;0.00;0.69;0.00;0.00;0.00;5.54;34.63;0.00;0.00;3.46;2.08;50.55;28.39;2.77;0.69;0.00;1.39;1.39;2.08;18.01;3.46;2.77;0.00;0.69;0.69;0.00;0.69;0.69;0.00;0.00;0.00;0.00;0.00;0.00;0.00;0.00;0.69;0.69;0.00;0.69;0.00;11.08;0.00;1.39;3.46;0.69;4.16;1.39;0.00;0.00;0.00;0.69;0.69;0.00;0.69;0.00;0.00;1.39;2.08;58.86;29.78;24.24;47.78;0.00;22.85;0.00;3.46;111.49;11.08;0.00;6.93;0.00;87.26;2.77;0.00;0.00;0.00;0.00;0.69;4.16;0.69;0.69;0.00;1.39;0.00;0.00;0.00;1.39;0.69;0.00;0.00;0.00;4.16;9.00;0.69;0.00;3.46;2.08;0.00;4.16;67.17;21.47;79.64;0.00
S1A;soil;w1;A;S1;S_conventional;S1_conventional;1.92;6.72;7.68;0.00;3.84;0.00;8.64;0.00;1.92;0.00;0.00;0.00;0.00;4.80;0.00;0.96;3.84;0.00;0.00;0.00;0.00;10.56;0.96;0.96;2.88;10.56;9.60;3.84;35.53;0.00;0.00;0.96;0.96;2.88;33.61;0.00;110.44;10.56;9.60;5.76;3.84;0.00;2.88;1.92;0.00;53.78;0.00;0.96;0.00;1.92;0.00;0.00;0.00;1.92;3.84;0.00;11.52;9.60;2.88;0.96;2.88;0.00;0.00;0.00;1.92;0.00;6.72;2.88;0.00;0.00;0.00;0.00;2.88;0.00;0.00;121.01;3.84;0.00;13.45;0.96;85.47;65.31;6.72;1.92;4.80;0.00;0.00;0.00;0.00;0.96;0.96;0.00;0.00;0.96;0.00;0.00;2.88;0.00;0.00;27.85;0.00;7.68;7.68;8.64;0.00;0.00;0.00;0.00;0.00;13.45;0.00;43.22;0.96;0.96;0.00;0.00;0.96;1.92;0.00;0.96;21.13;1.92;0.00;3.84;0.00;1.92;0.00;0.00;0.96;2.88;0.96;2.88;4.80;0.96;0.00;0.96;1.92;0.00;187.27;0.00;93.16;37.45;115.25;0.96;0.00;0.96;165.18;17.29;76.83;94.12;0.00;0.96;0.00;0.00;11.52;8.64;1.92;0.00;0.00;0.00;0.96;0.00;0.00;9.60;0.96;2.88;0.00;0.00;0.00;0.00;0.00;0.96;13.45;0.00;1.92;0.00;24.01;3.84;11.52;23.05;4.80;0.00;2.88;0.00;0.00;0.00;2.88;0.00;79.71;0.96;0.00;6.72;0.00;0.00;2.88;0.96;0.00;0.00;0.96;0.00;8.64;3.84;0.00;0.00;6.72;0.00;0.96;0.00;0.00;0.96;0.00;0.00;0.00;2.88;0.00;0.96;0.96;0.00;7.68;3.84;0.00;0.96;6.72;0.00;0.00;0.00;0.00;1.92;5.76;1.92;7.68;0.00;0.00;0.00;2.88;0.00;0.00;1.92;1.92;0.96;0.00;0.00;0.00;0.00;1.92;3.84;71.07;99.88;214.16;357.26;1.92;0.00;0.00;0.00;0.96;1.92;0.96;0.00;8.64;17.29;0.00;2.88;18.25;0.96;0.00;0.00;1.92;52.82;12.48;1.92;1.92;0.00;1.92;0.00;4.80;2.88;2.88;1.92;0.96;0.00;0.00;39.38;0.00;5.76;0.00;3.84;0.00;43.22;266.98;51.86;23.05;0.96;0.00;0.00;1.92;0.00;0.96;0.00;0.00;0.00;0.00;0.00;2.88;0.00;0.96;29.77;0.00;145.02;0.00;0.00;1.92;0.00;0.00;0.00;0.00;3.84;0.00;0.96;0.00;9.60;0.00;0.96;55.70;1.92;4.80;10.56;2.88;61.46;8.64;140.22;1.92;0.00;1.92;0.00;0.00;10.56;4.80;7.68;2.88;5.76;15.37;4.80;0.00;0.96;0.96;2.88;0.00;55.70;0.00;0.00;0.96;0.00;0.00;0.00;0.00;0.00;29.77;0.96;0.00;0.00;0.00;0.00;0.00;0.00;0.00;0.00;0.00;3.84;281.39;3.84;0.96;18.25;0.96;0.00;0.00;0.96;2.88;0.00;0.00;0.96;3.84;0.96;1.92;0.96;3.84;0.00;0.00;0.00;0.00;0.96;0.00;0.00;0.96;0.00;0.00;2.88;2.88;0.00;0.00;0.00;0.96;1.92;48.98;7.68;1.92;0.00;5.76;0.00;0.00;0.00;0.00;3.84;0.00;0.00;0.00;0.00;0.96;0.00;2.88;0.00;7.68;11.52;0.96;0.00;3.84;1.92;3.84;593.51;104.68;7.68;0.00;16.33;0.00;0.00;0.00;2.88;0.00;0.00;0.00;0.00;0.00;0.96;0.96;1.92;0.96;5.76;0.00;0.00;29.77;29.77;10.56;16.33;1.92;0.96;1.92;3.84;0.96;9.60;13.45;3.84;2.88;0.00;0.96;0.96;1.92;2.88;30.73;2.88;21.13;0.00;6.72;0.00;0.00;1.92;1.92;0.00;4.80;0.96;0.96;0.00;0.96;0.00;0.96;0.00;3.84;0.00;0.00;1.92;5.76;0.00;62.42;0.00;0.96;91.24;0.00;1.92;39.38;0.00;54.74;0.00;0.96;23.05;21.13;4.80;5.76;0.00;17.29;2.88;0.00;0.96;0.00;0.00;1.92;2.88;0.96;12.48;0.00;0.00;2.88;3.84;0.00;2.88;48.02;1.92;5.76;0.00;10.56;1.92;0.00;0.96;7.68;0.00;0.00;0.00;0.00;0.00;2.88;1.92;15.37;1.92;5.76;13.45;1.92;6.72;1.92;1.92;5.76;1.92;0.00;0.96;2.88;2.88;0.00;48.02;0.96;8.64;35.53;471.54;2.88;7.68;359.18;6.72;11.52;735.65;0.00;10.56;34.57;19.21;1.92;0.00;0.00;0.00;0.00;0.00;0.96;0.96;0.00;0.96;0.00;0.00;0.00;3.84;0.00;1.92;0.00;0.00;0.96;0.00;0.00;0.00;4.80;38.42;0.00;0.00;4.80;0.00;37.45;42.26;3.84;0.00;0.00;0.00;1.92;0.00;8.64;2.88;0.96;0.00;0.00;0.00;0.96;0.00;2.88;0.00;0.00;0.00;0.00;0.00;0.00;0.00;0.00;0.00;0.00;0.00;0.96;0.00;8.64;0.00;1.92;0.00;0.96;8.64;0.96;0.00;0.00;0.00;0.00;0.00;0.00;0.00;0.00;0.00;0.96;0.96;58.58;40.34;23.05;47.06;0.00;26.89;0.00;0.96;111.40;7.68;0.00;12.48;0.00;94.12;2.88;0.96;3.84;0.96;0.00;0.00;3.84;0.96;0.96;0.96;5.76;0.00;0.96;0.00;7.68;0.00;0.00;3.84;0.00;7.68;28.81;0.96;0.00;6.72;1.92;0.00;3.84;52.82;15.37;78.75;0.00
S1B;soil;w1;B;S1;S_manured;S1_manured;0.00;4.70;3.76;0.00;1.88;0.00;10.34;0.94;0.94;0.00;0.00;0.94;0.00;5.64;0.00;4.70;3.76;0.00;0.94;0.00;1.88;8.46;0.94;3.76;1.88;11.28;3.76;4.70;23.50;0.00;0.00;2.82;0.94;5.64;27.26;0.00;107.15;14.10;8.46;4.70;8.46;0.94;1.88;0.94;6.58;37.60;0.00;2.82;0.00;1.88;0.00;0.00;0.00;1.88;0.94;0.94;11.28;5.64;1.88;1.88;5.64;0.00;0.00;0.00;0.00;0.00;1.88;3.76;3.76;0.00;1.88;0.00;3.76;0.00;0.94;104.33;1.88;0.00;11.28;0.00;77.07;66.73;7.52;1.88;2.82;0.00;0.00;0.94;0.00;0.94;0.94;0.94;0.00;3.76;0.00;0.00;1.88;0.00;0.00;27.26;0.00;7.52;4.70;1.88;0.00;1.88;0.94;0.00;0.00;11.28;0.00;46.05;0.00;0.00;0.00;0.94;0.00;0.94;0.00;2.82;30.08;0.94;0.00;11.28;0.00;0.94;0.00;0.00;0.00;2.82;0.00;0.00;7.52;3.76;0.00;0.00;0.94;1.88;159.78;0.00;89.29;31.96;111.85;0.94;0.00;1.88;176.70;13.16;77.07;126.89;0.94;1.88;0.00;0.00;10.34;8.46;2.82;0.94;0.94;0.00;0.94;0.94;0.94;16.92;2.82;1.88;0.00;0.00;0.00;0.00;0.00;0.94;10.34;0.00;0.94;0.00;32.90;3.76;6.58;34.78;1.88;0.00;0.00;0.94;0.00;0.00;1.88;0.00;87.41;0.00;0.00;4.70;0.00;0.00;1.88;0.00;0.00;0.00;0.00;0.00;6.58;3.76;0.00;0.00;5.64;0.00;1.88;0.00;0.94;0.94;0.00;2.82;0.00;1.88;0.00;1.88;0.94;0.94;8.46;1.88;0.00;1.88;8.46;0.94;0.00;0.00;0.00;1.88;4.70;0.94;8.46;0.00;0.00;1.88;2.82;0.00;0.00;4.70;0.94;0.00;0.00;0.00;0.94;0.00;0.00;1.88;67.67;83.65;234.97;336.48;1.88;0.00;0.00;0.00;0.00;2.82;0.00;0.00;4.70;15.04;0.00;2.82;18.80;0.00;0.00;1.88;4.70;46.05;12.22;0.00;0.00;0.00;0.00;0.00;2.82;1.88;1.88;2.82;0.00;0.00;0.00;42.30;0.00;7.52;0.00;5.64;0.94;31.96;266.93;52.63;15.98;1.88;0.94;0.00;3.76;0.00;0.00;0.00;0.00;0.00;0.00;0.00;1.88;0.00;2.82;27.26;0.00;138.16;2.82;0.94;0.94;0.00;0.00;0.00;0.94;1.88;0.00;0.94;0.00;20.68;0.94;1.88;62.03;0.94;7.52;15.04;6.58;46.05;7.52;154.14;6.58;0.00;1.88;0.00;0.00;3.76;2.82;6.58;1.88;2.82;14.10;6.58;0.94;1.88;0.00;2.82;0.94;54.51;0.94;0.94;0.00;0.00;0.00;0.00;0.00;0.00;31.96;0.00;0.00;0.00;2.82;0.00;0.00;0.00;0.00;0.00;0.00;0.94;312.99;3.76;0.00;16.92;0.00;0.00;0.00;0.00;0.94;0.00;0.00;0.00;2.82;0.94;0.94;0.00;1.88;1.88;0.00;0.00;0.00;0.94;0.00;0.00;0.94;0.00;0.00;3.76;2.82;0.00;0.94;0.00;2.82;1.88;39.48;3.76;6.58;0.00;3.76;0.00;0.00;0.00;0.00;1.88;0.00;0.00;0.00;0.00;1.88;0.00;3.76;0.00;3.76;13.16;0.94;0.00;1.88;1.88;5.64;612.81;108.09;1.88;0.00;11.28;0.94;0.00;0.94;1.88;0.94;0.00;0.00;0.94;0.00;0.94;0.00;3.76;0.94;9.40;0.00;0.00;31.96;20.68;11.28;24.44;0.94;0.00;0.94;2.82;0.94;9.40;14.10;3.76;2.82;0.00;0.94;1.88;3.76;2.82;31.02;2.82;15.04;0.94;3.76;0.00;2.82;0.00;0.94;0.00;3.76;0.94;0.94;0.00;1.88;0.94;0.94;0.00;2.82;0.00;0.00;2.82;2.82;0.00;41.36;0.00;2.82;105.27;0.94;0.94;36.66;0.00;49.81;0.00;0.00;21.62;16.92;5.64;4.70;0.00;15.04;1.88;0.00;0.94;0.00;0.00;2.82;4.70;0.00;13.16;0.00;0.00;1.88;3.76;0.00;1.88;36.66;8.46;1.88;0.00;9.40;2.82;0.00;0.00;10.34;0.00;0.00;0.00;0.00;0.00;8.46;0.94;13.16;0.00;16.92;12.22;1.88;5.64;0.94;4.70;4.70;2.82;1.88;0.94;1.88;3.76;6.58;37.60;7.52;7.52;23.50;474.65;1.88;13.16;361.86;15.04;14.10;682.37;0.94;10.34;39.48;19.74;9.40;0.00;0.00;0.00;0.94;0.00;0.94;0.94;0.00;0.94;0.00;0.00;0.00;2.82;0.00;1.88;0.00;0.94;0.00;0.94;0.00;0.00;5.64;38.54;0.94;0.00;9.40;0.00;47.93;46.05;3.76;0.00;0.00;0.00;0.00;1.88;19.74;1.88;0.94;0.94;0.00;0.00;0.94;0.00;1.88;0.00;0.00;0.00;0.00;0.00;0.00;0.00;0.00;0.00;0.94;0.00;0.00;0.00;5.64;0.00;1.88;2.82;1.88;5.64;1.88;0.94;0.00;0.00;0.00;0.94;0.00;0.94;0.00;0.00;0.00;2.82;50.75;39.48;22.56;59.21;0.94;25.38;0.94;0.00;99.63;6.58;0.00;13.16;0.94;92.11;0.94;0.94;0.00;1.88;0.00;0.00;4.70;1.88;0.00;0.94;4.70;0.00;0.00;0.00;8.46;0.00;0.00;1.88;0.00;4.70;23.50;1.88;0.00;11.28;4.70;1.88;0.00;58.27;28.20;71.43;0.00
S1C;soil;w1;C;S1;S_manured;S1_manured;0.85;2.56;1.71;1.71;5.12;0.00;8.53;0.00;1.71;1.71;0.00;0.00;0.85;5.97;0.00;1.71;1.71;0.00;0.00;1.71;0.85;6.82;2.56;0.85;0.85;11.09;10.24;5.97;29.85;0.00;0.85;2.56;1.71;2.56;36.68;0.85;110.03;11.09;7.68;5.12;7.68;1.71;2.56;0.00;2.56;38.38;0.00;0.00;0.00;0.00;0.00;0.00;0.00;0.85;0.85;0.85;7.68;5.12;1.71;3.41;4.26;0.85;0.00;0.00;0.00;0.00;5.12;2.56;5.12;0.00;1.71;0.00;4.26;0.00;0.00;81.03;1.71;0.00;9.38;2.56;86.15;69.94;7.68;0.85;5.97;0.00;0.00;0.85;0.00;1.71;1.71;1.71;0.00;1.71;0.00;0.85;1.71;0.00;0.00;25.59;0.00;5.97;6.82;5.12;0.00;0.85;0.00;0.00;0.85;11.94;0.00;41.80;1.71;0.00;0.00;0.00;0.00;3.41;0.00;3.41;19.62;0.85;0.00;7.68;0.00;0.85;0.00;0.00;1.71;1.71;0.00;0.85;4.26;0.85;0.00;0.85;0.85;2.56;162.07;0.00;81.03;30.71;109.18;0.85;2.56;1.71;165.48;18.77;81.03;108.33;1.71;0.00;0.00;1.71;8.53;6.82;5.12;0.00;0.85;0.00;3.41;0.00;0.00;15.35;0.85;0.85;1.71;0.00;0.00;0.00;0.00;0.00;9.38;1.71;0.85;0.00;29.85;3.41;11.09;25.59;1.71;0.00;1.71;0.00;0.00;0.00;1.71;0.00;94.68;0.85;0.00;5.97;0.85;0.85;0.00;0.85;0.00;0.00;0.85;0.85;9.38;4.26;0.00;0.00;7.68;0.00;0.00;0.00;0.00;0.85;0.00;0.85;0.00;1.71;0.00;1.71;0.85;0.00;10.24;1.71;0.00;1.71;15.35;3.41;0.00;0.00;0.00;2.56;9.38;1.71;6.82;0.00;1.71;0.00;2.56;0.00;1.71;3.41;0.85;0.00;0.00;0.00;0.00;0.00;1.71;5.97;79.33;114.30;199.60;329.25;5.12;0.00;0.00;0.00;1.71;0.00;0.85;1.71;3.41;12.79;1.71;4.26;11.09;0.85;0.00;0.85;2.56;42.65;10.24;0.00;2.56;0.85;0.85;0.00;2.56;1.71;1.71;2.56;0.00;0.00;0.00;42.65;1.71;9.38;0.00;5.12;2.56;40.94;262.72;55.44;17.91;1.71;0.85;0.00;1.71;0.00;0.00;0.00;0.00;0.00;0.00;0.00;1.71;0.00;1.71;29.85;0.00;124.54;0.85;0.00;3.41;0.00;0.85;0.00;0.00;0.85;0.00;0.00;0.00;15.35;3.41;0.85;59.71;1.71;3.41;19.62;7.68;43.50;8.53;150.13;5.12;0.00;5.12;0.00;0.85;5.97;2.56;3.41;3.41;2.56;11.09;5.12;1.71;0.00;0.85;0.85;0.00;36.68;1.71;2.56;0.85;0.00;0.85;0.00;0.00;0.00;41.80;0.00;0.00;0.00;1.71;0.85;0.00;0.00;0.00;0.00;0.00;1.71;291.72;0.85;0.00;15.35;1.71;0.00;0.00;0.00;0.00;0.00;0.85;0.85;2.56;0.85;2.56;0.85;3.41;0.00;0.00;0.00;0.00;0.85;0.00;0.00;0.85;0.00;0.00;2.56;3.41;0.00;0.85;0.00;0.85;2.56;43.50;5.12;0.85;0.00;5.12;0.00;0.00;0.00;0.85;4.26;0.00;0.00;0.00;0.00;2.56;0.00;4.26;0.00;3.41;17.06;0.85;0.00;1.71;0.85;5.97;653.39;118.56;5.12;0.00;14.50;2.56;0.00;0.00;5.97;0.00;0.00;0.00;0.00;0.00;1.71;0.85;4.26;0.00;14.50;0.00;0.00;32.41;25.59;11.94;26.44;1.71;0.00;0.85;2.56;0.00;6.82;11.94;3.41;3.41;0.00;0.00;3.41;3.41;0.85;29.00;2.56;21.32;3.41;5.97;0.00;4.26;0.00;1.71;0.85;5.97;0.85;0.00;0.00;0.85;0.00;1.71;0.85;2.56;0.00;0.00;1.71;2.56;0.00;54.59;0.00;1.71;81.03;1.71;1.71;49.47;0.85;46.91;0.00;1.71;26.44;18.77;6.82;1.71;0.00;11.94;2.56;0.00;2.56;0.00;0.00;0.85;5.12;0.00;16.21;0.00;0.00;0.85;7.68;0.00;4.26;46.91;5.97;1.71;0.85;2.56;0.00;0.00;0.00;7.68;0.00;0.00;0.00;0.00;0.00;3.41;0.00;14.50;0.85;9.38;13.65;2.56;6.82;1.71;3.41;5.12;1.71;1.71;2.56;4.26;2.56;2.56;43.50;4.26;11.09;26.44;490.47;0.85;11.94;338.63;11.09;12.79;666.18;0.00;12.79;46.91;15.35;4.26;0.00;0.00;0.00;0.85;0.00;0.85;4.26;1.71;0.00;0.00;0.00;0.00;1.71;0.00;1.71;0.00;0.00;0.00;0.00;0.00;0.00;1.71;37.53;0.00;0.00;5.97;0.85;48.62;43.50;5.12;0.85;0.00;0.85;1.71;0.00;11.94;1.71;0.00;0.00;0.85;0.00;0.00;0.85;1.71;0.00;0.00;0.00;0.00;0.00;0.00;0.00;0.85;0.85;0.00;0.00;0.00;0.00;5.12;0.85;1.71;0.85;1.71;12.79;3.41;0.00;0.00;0.00;0.85;0.00;0.00;0.85;0.00;0.00;0.85;3.41;40.09;34.12;23.88;40.09;0.00;30.71;0.00;1.71;105.77;5.97;0.00;7.68;0.85;87.00;2.56;0.85;0.00;1.71;0.00;0.85;3.41;0.00;1.71;0.85;4.26;0.85;0.00;1.71;5.97;0.00;0.00;0.00;0.00;4.26;25.59;0.00;0.00;5.97;3.41;1.71;4.26;70.80;21.32;94.68;0.00
S1D;soil;w1;D;S1;S_conventional;S1_conventional;0.85;6.79;4.24;0.00;5.94;0.00;9.33;0.00;2.55;0.00;1.70;0.00;0.00;4.24;0.00;0.85;0.00;0.00;0.00;0.85;0.85;8.49;0.85;0.85;1.70;9.33;9.33;5.94;21.22;0.00;0.00;1.70;0.85;1.70;33.94;0.85;110.32;11.03;5.94;7.64;6.79;0.85;0.85;0.00;3.39;50.07;0.00;0.85;0.00;1.70;0.00;0.00;0.85;0.85;1.70;0.00;7.64;7.64;0.85;1.70;3.39;0.85;0.00;0.00;1.70;0.00;6.79;3.39;3.39;0.85;2.55;0.00;5.09;0.00;0.00;92.50;4.24;0.00;5.94;2.55;73.83;68.74;1.70;0.85;2.55;0.00;0.00;1.70;0.00;0.85;1.70;1.70;0.00;3.39;0.85;0.85;0.85;0.00;0.00;28.85;0.00;5.94;4.24;4.24;0.00;0.00;0.00;0.85;0.00;9.33;0.00;54.31;1.70;0.85;0.00;0.85;0.85;3.39;0.00;0.85;21.22;1.70;0.85;9.33;0.00;0.85;1.70;0.00;0.85;7.64;0.00;0.85;5.09;5.94;0.00;0.00;0.00;1.70;167.18;0.00;95.04;28.85;101.83;2.55;0.85;1.70;188.39;18.67;86.56;104.38;1.70;1.70;0.00;0.00;7.64;15.28;2.55;0.85;0.00;0.00;0.00;0.85;0.00;20.37;4.24;0.00;0.00;0.00;0.00;0.00;0.85;0.85;11.03;0.85;0.85;0.00;32.25;4.24;8.49;30.55;3.39;0.00;4.24;2.55;0.00;0.00;3.39;0.00;88.26;0.85;0.85;6.79;0.00;1.70;0.85;0.85;0.00;0.00;0.85;0.00;7.64;1.70;0.00;0.00;9.33;0.00;0.85;0.00;0.00;3.39;0.00;0.85;0.00;0.85;0.00;1.70;0.00;0.85;12.73;0.85;0.00;2.55;9.33;1.70;0.85;0.00;0.00;2.55;5.94;1.70;11.88;0.00;0.85;0.85;0.85;0.00;0.00;5.09;0.00;0.85;0.00;0.00;0.00;0.00;1.70;2.55;71.28;95.89;224.03;364.90;0.85;0.00;0.00;0.00;0.00;0.85;0.85;3.39;9.33;15.28;0.85;4.24;13.58;0.85;0.00;0.85;0.85;40.73;7.64;0.00;1.70;0.00;0.00;0.00;3.39;1.70;4.24;1.70;0.00;0.00;0.00;37.34;0.00;11.88;0.00;2.55;0.85;26.31;246.10;53.46;19.52;0.85;0.00;0.00;1.70;0.00;0.00;0.00;0.00;0.00;0.00;0.00;1.70;0.00;1.70;30.55;0.00;163.78;0.00;0.00;2.55;0.00;0.00;0.85;0.00;0.00;0.00;0.00;0.00;13.58;0.85;2.55;58.55;2.55;5.94;9.33;9.33;53.46;11.03;140.02;4.24;0.85;0.85;0.00;0.00;11.03;3.39;4.24;1.70;6.79;15.28;5.09;0.00;0.00;0.00;4.24;0.00;54.31;1.70;1.70;0.85;0.00;0.00;0.85;0.00;0.00;33.94;0.85;0.00;0.00;0.85;0.85;0.00;0.00;0.00;0.00;0.00;0.00;308.90;3.39;0.00;22.91;1.70;0.00;0.00;0.00;1.70;0.00;0.85;1.70;3.39;0.85;2.55;0.85;0.00;0.85;0.00;0.00;0.00;0.85;0.00;0.00;0.85;0.00;0.00;2.55;3.39;0.00;0.85;0.00;1.70;4.24;46.67;4.24;2.55;0.00;3.39;0.00;0.00;0.00;0.00;4.24;0.00;0.00;0.00;0.00;4.24;0.00;3.39;0.00;6.79;15.28;0.00;0.00;0.00;2.55;2.55;583.00;96.74;0.85;0.00;8.49;0.85;0.00;0.00;1.70;0.00;0.00;0.00;0.00;0.00;0.00;0.00;5.09;0.85;8.49;0.00;0.00;41.58;32.25;10.18;18.67;2.55;0.00;0.85;3.39;0.00;8.49;10.18;2.55;5.09;0.00;0.00;4.24;3.39;0.85;28.00;2.55;22.06;1.70;1.70;0.00;2.55;0.85;3.39;0.85;3.39;0.85;4.24;0.00;2.55;0.00;3.39;0.00;0.85;0.00;0.00;2.55;2.55;0.00;62.80;0.00;1.70;96.74;0.00;1.70;40.73;0.00;55.16;1.70;0.85;24.61;13.58;5.09;1.70;0.00;12.73;1.70;0.00;0.00;0.00;0.00;0.85;5.94;0.85;13.58;0.00;0.85;3.39;8.49;0.00;3.39;47.52;4.24;1.70;0.00;9.33;3.39;0.00;0.85;14.43;0.00;0.00;0.00;0.00;0.00;1.70;1.70;9.33;1.70;7.64;15.28;4.24;5.94;0.85;1.70;11.03;2.55;0.85;5.94;2.55;2.55;4.24;35.64;0.00;7.64;24.61;421.76;0.85;5.94;356.42;14.43;16.97;733.20;0.00;14.43;40.73;15.28;4.24;0.00;0.00;0.00;1.70;0.00;2.55;0.85;1.70;0.00;0.00;0.00;0.85;4.24;0.00;2.55;0.00;0.00;0.00;0.00;0.00;0.00;3.39;29.70;0.85;0.00;8.49;0.85;52.61;47.52;1.70;0.00;0.00;0.00;0.85;0.00;21.22;0.00;4.24;0.00;0.00;0.85;0.00;0.00;2.55;0.00;0.00;0.00;0.00;0.00;0.00;0.00;0.00;0.85;0.00;0.00;0.00;0.00;3.39;0.00;3.39;0.85;0.85;9.33;3.39;1.70;0.00;0.00;0.00;0.00;0.00;1.70;0.00;0.00;0.85;1.70;50.07;41.58;29.70;45.83;0.85;29.70;0.00;1.70;97.59;5.94;0.00;10.18;0.00;76.38;0.85;0.85;0.00;0.00;0.00;0.00;5.94;0.00;1.70;0.00;5.09;0.00;0.00;0.00;6.79;0.00;0.00;0.85;0.00;6.79;28.00;0.85;0.00;5.94;6.79;0.00;3.39;64.49;20.37;94.20;0.00
S5A;soil;w5;A;S5;S_conventional;S5_conventional;0.84;6.72;6.72;0.00;1.68;0.00;5.88;0.00;3.36;0.00;0.00;1.68;0.00;6.72;0.00;0.00;0.00;0.00;0.84;0.00;0.84;11.77;0.00;0.84;0.84;10.09;5.88;7.56;20.17;0.00;0.00;0.84;0.00;0.00;32.78;0.00;98.33;15.13;6.72;1.68;4.20;0.00;2.52;0.84;3.36;32.78;0.00;0.84;0.00;0.00;0.00;1.68;0.00;1.68;0.00;0.84;5.88;0.84;4.20;1.68;3.36;0.84;0.84;0.00;2.52;0.00;6.72;1.68;3.36;0.00;0.00;0.00;1.68;0.00;0.00;123.55;0.84;0.00;8.40;1.68;82.37;85.73;0.00;1.68;2.52;0.00;0.00;0.84;0.00;3.36;0.84;0.00;0.00;1.68;0.00;0.84;1.68;0.84;0.00;29.42;1.68;5.04;3.36;0.00;0.00;1.68;0.84;0.84;0.84;11.77;0.00;52.11;0.84;0.00;0.00;0.00;0.00;0.84;0.00;2.52;14.29;0.84;0.00;4.20;0.00;2.52;0.00;0.00;0.00;1.68;0.00;0.00;5.88;0.84;0.00;0.00;0.00;1.68;158.85;0.00;70.60;17.65;115.14;0.00;0.00;3.36;137.00;18.49;89.09;109.26;0.84;1.68;0.00;0.00;12.61;11.77;6.72;0.00;0.84;0.00;0.84;0.00;0.00;19.33;2.52;2.52;0.00;0.00;0.00;0.00;0.84;0.84;10.09;1.68;3.36;0.00;26.05;2.52;5.04;33.62;1.68;0.00;5.04;0.00;0.00;0.00;2.52;0.00;76.48;1.68;0.84;10.09;0.00;0.00;2.52;1.68;0.00;0.00;0.84;0.84;4.20;3.36;0.00;0.00;4.20;0.00;2.52;0.00;0.84;0.84;0.00;2.52;0.00;0.84;0.00;1.68;0.00;0.00;6.72;0.84;0.00;5.04;6.72;0.00;0.00;0.00;0.00;6.72;9.25;1.68;6.72;0.00;1.68;0.84;0.00;0.00;0.84;2.52;0.84;0.00;0.84;0.00;0.00;0.00;2.52;5.04;93.29;105.90;250.46;378.21;1.68;0.00;0.00;0.00;0.84;1.68;0.00;0.84;4.20;6.72;0.00;2.52;12.61;0.84;0.00;0.00;0.00;38.66;6.72;0.00;0.84;0.00;0.00;0.00;0.84;0.84;0.00;0.00;0.84;0.00;0.00;31.10;0.84;11.77;0.00;1.68;1.68;35.30;247.10;52.95;10.93;3.36;0.84;0.00;0.84;0.00;0.84;0.00;0.00;0.00;0.00;0.00;2.52;0.00;2.52;27.74;0.00;160.53;0.84;1.68;0.84;0.00;0.00;0.84;0.84;0.00;0.00;0.00;0.00;15.97;0.84;1.68;53.79;3.36;5.04;15.97;8.40;44.54;5.04;123.55;5.04;0.00;3.36;0.00;0.84;12.61;1.68;7.56;0.84;6.72;19.33;5.04;0.84;0.00;0.00;4.20;0.84;36.98;1.68;0.84;0.84;0.00;0.00;0.00;0.00;0.00;46.23;2.52;0.84;0.00;0.00;0.00;0.00;0.00;0.00;0.00;0.00;2.52;335.35;5.04;1.68;20.17;0.00;0.00;0.00;0.00;2.52;0.00;1.68;0.00;10.09;0.84;0.00;0.00;1.68;0.84;0.00;0.00;0.00;0.00;0.00;0.00;0.84;0.00;0.00;5.88;1.68;0.00;0.84;0.00;1.68;3.36;56.31;3.36;7.56;0.00;1.68;0.00;0.00;0.00;0.00;2.52;0.00;0.00;0.00;0.00;1.68;0.84;1.68;0.00;3.36;18.49;0.84;1.68;2.52;0.00;10.93;568.15;99.17;3.36;0.00;8.40;0.00;0.00;0.00;4.20;1.68;0.00;0.00;0.00;0.00;2.52;0.00;2.52;0.00;6.72;0.84;0.00;30.26;26.89;10.09;14.29;0.84;0.00;0.84;1.68;0.84;6.72;24.37;0.84;4.20;0.00;0.84;2.52;2.52;3.36;15.13;0.84;20.17;1.68;4.20;0.00;6.72;0.00;0.84;0.00;5.04;0.00;0.00;0.00;2.52;0.00;0.00;0.00;1.68;0.00;0.00;5.04;1.68;0.00;48.75;0.00;5.04;105.06;0.84;3.36;31.94;0.00;47.07;0.00;2.52;20.17;20.17;5.04;2.52;0.84;6.72;4.20;0.00;0.84;0.00;0.00;2.52;5.88;0.84;15.13;0.00;1.68;0.84;4.20;0.00;1.68;42.02;3.36;0.00;0.84;15.13;1.68;0.00;0.84;14.29;0.00;0.00;0.00;0.00;0.00;5.04;0.84;15.97;0.84;5.04;8.40;2.52;5.04;1.68;5.88;1.68;3.36;0.84;5.88;4.20;4.20;3.36;46.23;1.68;6.72;35.30;399.22;1.68;10.93;371.49;10.93;19.33;727.84;0.00;16.81;36.98;11.77;2.52;0.00;0.00;0.00;0.00;0.00;0.00;0.84;0.00;0.84;0.00;0.00;0.00;1.68;0.00;4.20;0.00;0.00;0.00;0.00;0.00;0.00;1.68;36.98;0.00;0.00;3.36;0.00;50.43;31.10;1.68;0.00;0.00;0.84;3.36;0.84;20.17;2.52;4.20;0.00;0.84;0.00;0.00;0.00;0.84;0.00;0.00;0.00;0.00;0.00;0.00;0.00;0.00;0.00;0.00;0.00;1.68;0.00;9.25;0.00;1.68;1.68;0.00;4.20;0.00;0.84;0.00;0.00;0.00;1.68;0.00;0.84;0.84;0.00;0.00;0.84;42.86;27.74;23.53;45.39;0.00;27.74;0.84;0.84;100.02;7.56;0.00;8.40;0.84;83.21;0.00;0.00;0.00;0.00;0.00;0.00;3.36;0.84;0.00;1.68;0.00;0.84;0.00;0.00;5.04;0.00;0.00;0.00;0.00;1.68;6.72;0.00;0.84;5.04;6.72;0.00;2.52;57.15;16.81;86.57;0.00
S5B;soil;w5;B;S5;S_manured;S5_manured;1.31;4.58;11.13;0.00;4.58;1.96;5.89;0.00;4.58;0.00;0.65;1.96;0.65;11.78;0.00;5.24;1.96;0.00;1.31;0.00;0.65;11.78;1.96;1.31;1.96;7.86;6.55;5.24;23.57;0.65;0.65;1.96;1.96;1.96;38.62;0.65;102.77;20.95;9.82;3.93;7.20;3.27;1.96;0.65;6.55;37.31;0.00;1.31;1.31;1.96;0.00;0.00;0.00;1.31;0.00;0.00;3.93;1.96;0.65;0.65;3.93;0.00;0.00;1.31;2.62;0.00;7.86;3.27;1.96;0.65;1.31;0.00;6.55;0.00;0.00;98.85;0.65;0.00;15.71;5.24;101.47;126.99;20.29;3.93;3.27;0.00;0.65;1.31;0.00;0.65;1.31;1.31;0.00;3.27;0.00;0.65;4.58;0.00;0.65;35.35;3.27;9.16;6.55;5.24;0.00;0.00;2.62;1.96;0.65;9.82;0.00;54.99;1.31;0.00;0.00;0.65;1.96;2.62;0.00;0.65;20.29;0.65;0.00;5.89;0.00;1.96;0.65;0.00;0.65;5.24;1.31;0.00;9.16;1.31;0.00;0.65;0.00;1.96;124.38;0.00;75.94;23.57;111.28;1.96;1.96;4.58;185.91;23.57;81.83;109.32;1.31;0.65;0.00;1.31;11.13;7.86;4.58;0.00;0.65;0.00;1.96;0.65;0.00;19.64;3.27;1.31;0.00;0.00;0.00;0.00;3.93;0.00;13.75;0.65;1.96;0.00;22.26;4.58;7.86;28.80;6.55;0.00;3.93;1.31;0.00;1.96;4.58;0.00;101.47;0.00;0.00;13.75;2.62;3.93;1.96;1.31;0.00;0.00;3.27;0.00;4.58;4.58;0.00;0.00;6.55;0.00;0.65;0.00;0.65;1.31;0.00;3.93;0.00;1.31;0.00;1.31;2.62;0.00;8.51;1.96;0.65;8.51;13.75;2.62;0.00;0.00;0.00;2.62;11.78;2.62;5.89;0.65;0.00;1.31;0.65;0.00;0.65;3.27;0.65;0.00;0.65;0.00;1.96;0.00;0.65;4.58;98.19;106.70;208.17;383.60;3.27;0.65;0.00;0.00;0.65;0.00;1.31;3.27;8.51;15.71;1.31;2.62;15.06;0.65;0.00;0.65;1.31;41.90;8.51;0.00;1.96;0.00;0.00;0.00;1.96;3.27;0.65;1.31;0.00;0.00;0.00;55.64;1.96;13.75;0.65;1.31;0.65;32.08;253.34;49.75;11.78;0.65;0.00;0.00;1.31;0.00;1.31;0.00;0.00;0.00;0.00;0.00;2.62;0.00;0.65;23.57;0.65;168.24;0.65;0.65;3.27;0.00;0.00;0.65;1.31;0.65;0.00;0.00;1.31;22.91;1.31;1.31;64.15;6.55;4.58;33.39;14.40;54.99;14.40;138.12;4.58;0.00;3.93;0.00;0.65;11.78;5.89;7.20;0.00;5.89;14.40;3.27;1.31;5.24;0.00;3.27;0.65;39.93;1.96;1.96;0.65;0.00;0.00;0.65;0.00;0.00;42.55;0.65;1.31;0.00;0.65;0.65;0.00;0.00;0.65;0.00;0.00;5.89;323.38;3.93;0.00;16.37;0.65;0.00;0.00;0.00;1.96;1.31;0.65;0.00;8.51;0.00;1.96;0.65;1.96;2.62;0.00;0.00;0.65;3.27;0.00;0.00;0.00;0.00;0.00;3.93;4.58;0.00;0.65;0.00;3.93;3.27;54.33;3.27;4.58;0.00;0.65;0.00;0.00;0.00;0.00;4.58;0.00;0.00;0.00;0.00;2.62;0.65;1.31;0.00;5.89;20.29;2.62;0.00;1.31;0.00;2.62;641.52;185.26;4.58;0.00;7.20;0.65;0.00;0.00;2.62;0.65;0.00;0.00;0.00;0.00;0.65;0.65;4.58;1.31;8.51;1.31;0.00;37.97;37.97;10.47;13.09;1.31;0.00;1.31;0.65;1.96;8.51;11.78;3.93;5.24;1.31;0.65;1.31;3.27;1.96;21.60;1.96;30.77;7.20;5.24;0.00;5.24;1.31;1.96;0.00;3.27;2.62;1.96;0.00;3.93;0.00;2.62;0.00;2.62;0.00;0.00;6.55;6.55;0.00;54.99;0.00;5.24;117.83;0.00;1.31;37.97;0.65;41.24;0.65;1.31;25.53;16.37;9.16;1.96;1.96;15.06;3.27;0.00;1.96;0.00;0.00;1.31;8.51;0.00;15.71;0.65;0.65;0.00;3.93;0.00;3.27;56.30;9.16;5.24;1.96;10.47;1.96;0.00;0.65;9.82;0.00;0.00;0.65;0.00;0.00;7.20;1.31;21.60;0.65;5.24;7.20;0.65;4.58;1.96;4.58;1.96;1.96;0.65;2.62;1.96;4.58;3.27;47.13;5.24;11.13;36.66;414.37;1.31;11.13;420.92;11.78;9.82;758.04;0.00;14.40;42.55;20.29;10.47;0.00;0.00;0.00;0.00;0.00;0.00;5.89;0.00;0.00;0.65;0.00;0.65;0.65;0.00;6.55;0.00;0.00;0.00;0.00;0.00;0.00;2.62;44.51;0.00;0.00;1.96;2.62;62.19;38.62;9.16;1.31;1.31;1.31;1.96;1.96;17.02;3.27;1.31;0.00;0.65;0.00;0.00;0.00;0.65;0.00;0.00;0.00;0.00;0.00;0.00;0.00;0.00;1.31;0.00;1.31;0.00;0.00;6.55;0.00;2.62;3.27;1.96;5.89;0.65;0.65;0.00;0.00;0.00;0.65;0.00;0.65;0.00;0.00;0.00;1.31;52.37;30.11;32.73;72.66;0.00;25.53;0.65;0.65;109.97;7.86;0.00;9.16;0.00;98.85;1.96;0.65;0.00;0.65;0.65;0.00;4.58;0.65;0.00;0.65;0.65;0.00;0.00;0.65;3.93;1.31;0.00;0.00;0.00;3.27;17.67;1.96;0.65;6.55;8.51;0.00;3.27;66.12;19.64;109.32;0.00
S5C;soil;w5;C;S5;S_manured;S5_manured;1.58;4.74;4.74;0.79;3.16;0.00;7.90;0.00;3.16;0.00;0.00;0.00;0.79;5.53;0.00;3.16;0.00;0.00;0.79;1.58;1.58;9.48;3.16;1.58;3.95;8.69;7.90;5.53;24.50;0.00;0.00;0.00;1.58;2.37;30.82;0.79;118.54;11.85;5.53;3.16;3.95;0.00;4.74;0.79;5.53;30.82;0.00;0.79;0.00;2.37;0.00;0.00;0.00;1.58;0.79;0.00;5.53;1.58;0.79;1.58;3.16;0.00;0.00;0.00;1.58;0.00;9.48;2.37;3.16;0.00;0.79;0.00;3.95;0.00;0.00;81.39;1.58;0.00;11.06;2.37;81.39;116.17;12.64;0.79;3.16;0.00;0.00;0.79;0.00;0.79;0.00;0.79;0.00;4.74;0.00;2.37;6.32;0.79;0.79;30.82;2.37;9.48;8.69;3.95;0.00;0.00;2.37;1.58;3.95;7.90;0.00;70.33;0.79;0.79;0.00;0.79;0.00;4.74;0.00;2.37;18.97;1.58;0.00;5.53;0.00;0.79;2.37;0.00;0.00;3.95;0.00;3.16;6.32;0.00;0.00;0.00;0.00;1.58;114.58;0.00;72.70;18.18;118.54;0.79;1.58;2.37;165.16;20.55;85.35;98.78;0.79;2.37;0.00;0.79;14.22;10.27;2.37;0.00;0.00;0.00;0.79;0.00;0.79;17.39;0.79;0.00;0.00;0.00;0.00;0.00;2.37;2.37;11.85;0.79;0.00;0.00;27.66;3.16;11.06;26.87;6.32;0.00;3.16;1.58;0.00;0.00;3.16;0.79;74.28;0.00;0.00;3.95;4.74;0.79;1.58;0.00;0.00;0.00;0.79;0.00;3.95;1.58;0.00;0.00;4.74;0.00;1.58;0.00;0.79;0.00;0.79;0.00;0.00;0.79;0.00;0.79;0.79;0.79;7.90;1.58;0.00;6.32;7.90;2.37;0.00;0.79;0.00;2.37;9.48;3.95;10.27;0.79;0.00;0.79;0.00;0.00;0.00;3.16;0.00;0.00;0.00;0.00;3.16;0.00;0.79;7.11;82.18;97.99;232.33;361.93;7.90;0.79;0.00;0.00;2.37;0.79;1.58;3.16;6.32;11.85;0.00;2.37;17.39;0.79;0.00;0.79;0.00;45.04;8.69;0.00;2.37;0.00;0.79;0.00;1.58;0.79;1.58;0.00;0.00;0.00;0.00;40.30;0.00;4.74;0.79;1.58;0.79;30.03;214.94;64.80;10.27;0.00;0.00;0.00;0.00;0.00;0.79;0.00;0.00;0.00;0.00;0.00;0.79;0.00;0.79;22.92;0.00;162.79;0.00;0.00;4.74;0.00;0.79;0.79;0.00;0.79;0.00;0.00;1.58;15.80;1.58;3.16;53.74;3.95;8.69;22.13;8.69;41.88;3.95;131.18;10.27;0.00;0.79;0.00;1.58;6.32;6.32;7.90;0.00;4.74;11.85;6.32;0.79;0.79;0.00;4.74;1.58;41.88;1.58;1.58;0.00;0.00;0.00;0.00;0.00;0.00;56.11;0.79;1.58;0.00;0.79;1.58;0.00;0.00;0.00;0.00;0.00;3.16;277.37;3.16;0.79;18.18;1.58;0.00;0.00;0.00;0.79;0.00;0.79;1.58;5.53;0.00;1.58;0.79;0.79;3.16;0.00;0.00;0.00;0.79;0.00;0.00;1.58;0.00;0.00;3.95;5.53;0.00;0.79;0.00;1.58;2.37;53.74;7.11;7.11;0.00;1.58;0.00;0.00;0.00;0.00;3.16;0.00;0.00;0.00;0.00;2.37;0.00;1.58;0.00;3.95;17.39;2.37;0.00;3.16;0.00;4.74;570.55;158.05;2.37;0.79;7.90;1.58;0.00;0.79;0.79;1.58;0.00;0.00;0.00;0.00;0.79;0.00;3.16;0.00;7.11;1.58;0.00;44.25;30.82;6.32;16.60;0.00;0.00;0.79;0.00;0.79;11.06;11.85;4.74;3.16;0.79;0.79;1.58;3.95;0.00;17.39;2.37;16.60;3.16;3.16;0.00;7.11;0.79;2.37;0.00;1.58;0.79;0.79;0.00;0.00;0.00;3.95;0.79;2.37;0.00;0.79;5.53;1.58;0.00;56.11;0.79;3.95;104.31;1.58;3.16;40.30;0.00;37.14;1.58;2.37;21.34;23.71;10.27;1.58;0.79;13.43;3.16;0.00;0.79;0.00;0.00;1.58;11.06;0.79;14.22;0.00;0.79;0.79;3.95;0.00;3.16;56.11;7.11;2.37;3.16;2.37;1.58;0.00;0.00;11.06;0.00;0.00;0.00;0.00;0.00;3.16;5.53;23.71;0.00;6.32;7.11;3.16;2.37;1.58;3.95;2.37;2.37;0.79;2.37;1.58;7.90;3.16;37.14;1.58;11.06;26.08;452.02;1.58;8.69;369.04;12.64;11.85;734.92;0.00;12.64;27.66;15.80;3.95;0.00;0.00;0.00;0.00;0.00;0.00;0.79;0.00;0.00;0.00;0.00;0.00;0.79;0.00;3.16;0.00;0.00;0.79;0.00;0.00;0.00;0.79;42.67;0.00;0.00;1.58;1.58;60.06;31.61;4.74;0.79;0.79;0.79;2.37;3.16;12.64;3.16;1.58;0.00;0.79;0.00;0.00;1.58;1.58;0.00;0.00;0.00;0.00;0.00;0.00;0.00;0.00;1.58;0.00;0.00;0.79;0.79;3.95;0.79;2.37;0.79;2.37;7.11;0.00;0.00;0.00;0.00;0.00;1.58;0.00;0.00;0.00;0.00;0.00;1.58;60.85;29.24;25.29;52.95;0.79;30.82;0.00;0.00;93.25;2.37;0.00;6.32;1.58;82.98;2.37;0.00;0.79;1.58;0.00;0.00;2.37;0.79;0.00;0.79;1.58;0.79;0.00;0.79;3.16;0.00;0.00;0.00;0.00;2.37;11.85;3.16;0.00;7.11;7.90;2.37;0.79;67.17;24.50;88.51;0.79
S5D;soil;w5;D;S5;S_conventional;S5_conventional;0.55;3.86;7.18;0.55;4.97;1.10;4.97;0.00;2.21;0.55;0.00;1.10;0.00;7.73;0.00;2.76;2.76;0.00;1.10;2.21;1.10;14.35;2.21;1.10;3.31;6.63;7.73;6.63;30.92;0.55;0.00;1.66;1.66;1.10;40.30;0.00;120.91;10.49;3.86;3.31;3.86;0.55;1.10;0.00;5.52;31.47;0.00;1.10;0.00;2.76;0.00;0.00;0.00;1.10;2.21;0.55;6.63;3.31;2.76;2.76;4.97;1.10;0.55;0.55;2.76;0.00;7.73;3.31;3.86;0.00;1.66;0.00;3.31;0.00;0.00;110.42;0.55;0.00;7.18;2.76;98.82;117.04;16.01;3.31;1.66;0.00;0.00;1.10;0.00;1.66;1.66;1.66;0.00;7.18;0.00;2.76;3.86;0.00;0.55;32.57;2.76;8.83;6.63;3.31;0.00;0.55;1.10;2.21;1.10;11.59;1.10;69.56;2.76;0.00;0.00;1.66;0.00;2.21;0.00;0.55;23.19;1.10;0.00;5.52;0.00;1.10;0.00;0.00;1.66;3.86;2.76;0.00;3.31;0.55;0.00;1.10;2.21;1.66;130.29;0.00;74.53;27.05;119.80;2.21;2.21;3.86;202.06;17.11;86.13;127.53;1.66;2.76;0.00;0.55;11.59;11.04;6.07;0.00;0.00;0.00;0.00;1.66;0.00;18.22;2.76;2.76;0.00;0.00;0.00;0.00;1.66;2.21;12.70;1.10;1.10;0.00;24.29;2.21;5.52;29.26;6.63;0.00;2.21;1.10;0.00;0.55;5.52;0.55;96.06;1.66;0.00;12.15;2.76;2.21;2.76;1.10;0.00;0.00;1.10;0.00;4.97;4.97;0.00;0.00;6.63;0.00;1.10;0.00;0.55;1.10;0.00;1.66;0.00;2.76;0.00;1.66;1.66;1.10;6.63;1.10;0.00;10.49;14.91;3.31;0.55;0.00;0.00;3.86;6.07;3.31;6.07;0.00;1.10;1.66;1.66;0.00;0.00;1.10;0.55;0.00;0.55;0.00;1.66;0.00;0.55;6.07;91.65;96.62;260.03;376.52;7.73;1.66;0.00;0.00;1.66;1.66;1.10;2.21;4.97;18.22;3.31;3.31;12.70;0.00;0.00;0.00;1.10;47.48;8.83;0.55;1.66;0.00;1.10;0.00;1.10;1.66;1.66;0.55;0.00;0.00;0.00;34.78;1.10;11.04;1.10;3.31;1.10;36.44;258.38;71.22;13.25;3.31;0.00;0.00;1.66;0.00;0.00;0.00;0.00;0.00;0.00;0.00;1.66;0.00;0.55;30.36;0.55;165.07;0.00;0.00;2.76;0.00;1.10;0.00;1.66;1.10;0.00;0.00;0.55;17.11;1.66;1.66;73.98;2.76;7.18;27.05;16.56;44.72;14.35;148.51;3.86;0.55;2.76;0.55;1.66;11.04;7.18;4.42;1.10;8.83;16.56;4.97;0.00;0.55;0.00;2.21;0.55;43.06;1.66;2.21;1.10;0.00;0.55;0.00;0.00;0.00;51.90;0.00;1.10;0.00;1.10;0.55;0.00;0.00;0.00;0.00;0.00;3.86;340.09;4.97;4.42;19.88;0.55;0.00;0.00;0.00;1.10;0.00;2.21;0.55;10.49;0.00;0.55;0.00;1.66;1.66;0.00;1.10;0.00;0.55;0.55;0.00;2.76;0.00;0.00;4.42;3.31;0.00;1.10;0.00;3.86;1.66;54.10;7.73;5.52;0.00;4.42;0.00;0.00;0.00;0.55;2.76;0.00;0.00;0.55;0.00;1.10;0.00;3.31;0.00;4.42;19.88;1.10;1.10;2.21;0.55;8.28;659.74;161.21;4.42;0.55;11.59;1.10;0.55;0.00;2.76;1.66;0.00;0.00;0.00;0.00;0.55;0.00;3.31;0.55;8.28;0.55;0.00;40.85;43.06;9.94;14.35;0.55;0.00;2.76;1.10;0.55;3.31;17.11;4.42;8.28;0.55;1.66;3.31;3.86;1.10;19.88;1.66;24.29;4.42;2.76;0.55;4.42;2.21;2.21;0.00;4.42;2.21;1.10;0.00;2.76;0.00;2.21;0.55;1.10;0.00;0.00;3.86;4.42;0.00;56.31;1.10;4.42;108.76;0.00;3.86;38.09;0.00;39.75;0.00;2.21;25.40;13.80;13.80;2.76;1.66;13.25;2.76;0.55;2.21;0.00;0.00;1.10;11.04;0.55;16.01;0.00;2.21;1.10;6.63;0.00;5.52;47.48;7.73;4.42;1.10;5.52;3.86;0.00;0.00;14.91;0.00;0.00;0.00;0.00;0.00;3.86;1.10;17.11;1.10;3.86;5.52;2.76;5.52;0.00;3.86;4.42;2.76;0.55;3.31;3.31;4.97;2.76;46.38;4.97;10.49;28.16;414.07;2.21;7.73;417.38;14.91;11.04;663.61;0.00;11.59;36.44;24.84;7.73;0.55;0.00;0.00;0.00;0.00;0.00;0.55;0.00;1.10;0.55;0.55;0.55;1.10;0.00;4.42;0.00;1.10;0.00;0.00;0.00;0.00;6.07;41.96;0.00;0.00;2.76;2.76;46.93;35.89;5.52;0.55;0.55;1.66;1.10;2.76;17.11;2.76;4.97;0.00;0.00;0.00;0.00;0.55;0.55;0.00;0.00;0.00;0.00;0.00;0.00;0.00;0.00;0.55;0.00;0.00;0.00;0.00;6.63;1.10;2.76;1.10;1.66;8.28;0.55;0.55;0.00;0.00;0.00;0.55;0.00;0.00;0.00;0.00;2.21;2.21;55.21;27.60;28.71;67.35;0.00;26.50;0.00;0.00;109.31;5.52;0.00;8.28;0.00;77.84;2.76;0.00;1.10;0.55;0.55;0.00;1.10;0.55;0.00;1.66;0.55;1.10;0.00;0.00;4.42;0.55;0.00;0.00;0.00;5.52;9.94;0.00;0.00;6.07;9.94;0.55;3.86;65.70;20.43;107.10;0.00
W1A;water;w1;a;W1;W_river;W1_river;11.27;12.30;13.32;1.54;11.79;2.56;9.74;1.02;2.05;2.56;0.00;2.56;3.07;17.93;2.05;27.67;5.12;1.54;4.10;7.69;1.54;8.71;0.51;1.02;5.12;32.80;21.01;4.10;20.50;2.05;3.59;6.66;5.12;37.92;6.15;6.66;177.30;41.51;40.48;15.37;5.64;3.07;1.02;1.54;2.05;47.66;0.00;13.32;0.00;2.05;0.51;0.00;0.51;1.02;24.08;0.51;25.11;2.56;3.59;0.51;1.54;8.71;0.51;1.54;3.07;0.00;11.79;25.62;8.20;3.59;7.17;0.51;3.59;8.71;0.00;114.78;3.07;0.00;37.92;15.37;125.03;97.36;22.55;8.71;8.71;0.51;1.02;1.02;0.51;11.79;19.98;4.61;0.00;34.84;2.56;12.30;18.96;2.05;2.05;29.21;12.30;3.59;7.17;26.65;0.00;3.07;23.57;27.16;34.84;33.31;9.74;87.11;16.40;11.27;1.02;11.79;4.10;10.76;0.00;1.02;39.97;4.61;2.05;19.98;0.51;3.59;4.61;2.56;15.89;24.60;1.54;3.07;12.30;13.84;2.05;1.02;0.51;7.17;150.14;1.54;106.07;47.14;133.23;5.64;7.17;12.30;366.89;52.27;153.73;136.82;2.05;2.05;10.76;38.94;17.42;5.64;0.00;0.00;1.02;0.00;2.56;2.56;3.59;14.35;23.57;5.12;7.69;0.00;0.00;0.00;5.64;2.05;47.14;2.05;0.51;3.59;24.08;6.66;17.93;55.85;30.75;4.61;1.02;0.51;1.54;7.17;3.07;0.51;176.27;7.69;0.00;23.57;6.15;10.76;3.07;0.51;0.00;0.00;8.71;1.54;5.64;0.00;0.00;3.07;23.06;0.00;1.54;0.00;7.17;2.56;11.79;4.61;1.02;4.10;1.02;5.64;4.61;1.02;43.04;18.45;0.51;58.93;17.93;8.20;0.51;0.00;0.00;1.02;16.40;7.17;4.10;4.61;7.69;2.56;4.61;1.54;4.10;2.05;1.02;5.12;2.56;1.02;5.64;5.12;1.02;10.76;67.64;66.10;205.99;519.08;7.69;2.05;2.56;1.02;2.56;1.54;3.59;1.02;7.17;35.87;10.25;2.05;17.93;1.02;0.00;8.71;3.07;84.04;9.22;1.54;9.74;6.66;23.57;1.54;40.48;12.81;21.01;4.10;2.56;0.00;0.00;41.51;4.61;2.56;15.37;8.20;2.56;55.34;304.38;76.86;40.48;0.00;1.02;0.00;6.66;0.51;2.56;2.56;0.00;0.51;0.51;0.51;0.00;0.00;17.93;8.71;0.51;132.20;0.00;1.02;6.66;0.00;0.00;1.54;13.84;1.02;0.00;2.56;8.20;18.45;9.74;0.51;65.59;0.51;3.59;68.15;19.98;106.58;40.99;218.80;10.25;0.51;6.66;2.05;1.54;12.81;17.42;8.20;1.02;15.37;12.81;4.61;1.02;4.10;1.54;3.59;12.81;74.81;0.00;4.61;1.02;0.51;0.00;15.37;10.25;0.51;48.68;16.91;18.45;0.00;12.81;4.61;0.51;0.00;2.05;0.00;3.59;1.54;319.24;1.02;3.07;3.59;3.07;0.00;0.00;3.07;2.56;0.00;1.02;2.05;34.84;7.17;7.69;6.66;5.12;3.07;1.02;1.02;0.00;0.00;0.51;0.51;0.51;0.00;0.00;10.76;14.35;0.00;10.25;0.00;10.76;2.56;58.93;2.56;5.12;0.00;2.05;0.00;0.00;0.00;0.00;2.56;0.00;0.00;3.07;0.00;0.51;7.17;6.66;0.00;9.74;30.75;10.25;4.10;14.86;10.25;19.98;779.91;176.27;7.69;0.51;10.76;4.61;3.59;2.56;4.61;9.22;0.00;0.00;36.38;3.59;3.07;0.00;11.27;8.20;14.86;24.60;0.00;186.01;126.57;13.84;50.22;1.54;0.00;1.54;3.59;8.20;0.51;3.07;26.65;10.76;9.22;0.51;13.84;14.35;21.52;40.99;7.17;161.93;8.71;4.10;0.00;13.32;2.05;1.54;0.00;33.82;2.05;3.07;0.00;2.05;2.05;1.54;1.54;2.56;3.07;2.56;3.07;5.64;0.00;85.06;3.59;25.62;209.58;2.56;14.35;125.03;1.54;21.01;0.51;2.56;9.22;85.57;37.92;5.12;0.00;5.12;8.71;5.64;12.81;3.07;0.00;1.02;3.07;0.00;13.32;1.02;0.51;0.51;21.52;0.51;19.47;50.73;9.22;7.17;5.12;12.30;3.07;4.10;1.54;22.55;0.51;0.51;2.56;0.51;3.59;22.03;1.02;13.84;6.15;21.52;26.65;7.69;7.17;2.56;1.02;9.22;1.02;1.54;0.00;0.51;20.50;13.32;66.10;12.30;16.40;53.80;385.34;0.00;3.59;590.31;30.23;30.75;793.74;9.74;13.84;44.07;67.64;2.05;0.51;0.00;0.00;1.02;0.00;4.10;8.20;1.54;1.54;1.02;0.51;0.00;5.64;0.51;5.12;3.59;0.51;7.69;0.51;0.00;0.00;18.96;51.75;6.66;5.12;11.27;7.17;71.23;39.46;15.89;1.02;4.10;3.07;5.12;1.54;44.58;11.27;7.17;0.00;0.51;0.51;1.54;0.00;7.69;0.00;1.02;1.54;3.07;3.59;1.02;2.56;1.02;7.17;9.22;1.54;4.10;0.51;18.45;4.10;7.69;2.56;1.02;14.86;5.64;9.22;0.51;1.02;1.54;3.59;3.07;9.22;2.05;2.56;6.66;0.00;38.94;58.93;33.31;63.03;1.54;8.20;0.00;17.42;128.62;18.45;3.59;49.70;3.07;94.80;7.17;2.05;0.00;0.00;2.56;0.51;13.32;0.00;0.00;1.02;1.02;1.02;1.02;8.20;1.54;9.22;0.00;0.51;7.69;9.74;19.47;15.89;0.00;50.73;26.65;20.50;36.38;86.09;15.37;174.74;2.56
W1B;water;w1;b;W1;W_UV;W1_UV;18.43;46.07;73.71;0.00;9.21;9.21;36.85;0.00;13.82;4.61;0.00;23.03;4.61;32.25;9.21;41.46;13.82;9.21;13.82;18.43;0.00;4.61;9.21;0.00;18.43;50.68;23.03;18.43;23.03;18.43;4.61;4.61;9.21;59.89;4.61;0.00;248.77;78.32;105.96;32.25;9.21;9.21;0.00;0.00;0.00;96.74;0.00;32.25;0.00;0.00;0.00;0.00;0.00;4.61;78.32;0.00;32.25;4.61;23.03;0.00;0.00;4.61;0.00;0.00;32.25;0.00;36.85;46.07;4.61;4.61;18.43;0.00;4.61;13.82;0.00;138.21;0.00;0.00;41.46;55.28;133.60;230.34;55.28;46.07;4.61;0.00;0.00;9.21;0.00;36.85;59.89;4.61;0.00;46.07;0.00;50.68;27.64;4.61;0.00;36.85;23.03;18.43;0.00;46.07;0.00;0.00;55.28;73.71;73.71;59.89;36.85;128.99;50.68;23.03;0.00;9.21;4.61;32.25;0.00;0.00;92.14;0.00;0.00;32.25;0.00;0.00;4.61;9.21;23.03;36.85;0.00;0.00;50.68;27.64;13.82;4.61;0.00;4.61;211.92;4.61;165.85;50.68;211.92;0.00;13.82;46.07;944.41;175.06;262.59;152.03;0.00;0.00;23.03;156.63;55.28;27.64;0.00;0.00;9.21;0.00;9.21;13.82;9.21;27.64;41.46;27.64;13.82;0.00;0.00;0.00;23.03;0.00;69.10;13.82;4.61;4.61;46.07;4.61;59.89;55.28;32.25;18.43;27.64;4.61;0.00;9.21;9.21;0.00;234.95;9.21;9.21;41.46;41.46;18.43;0.00;0.00;0.00;0.00;4.61;4.61;18.43;0.00;0.00;9.21;59.89;0.00;4.61;0.00;13.82;9.21;27.64;4.61;4.61;4.61;4.61;18.43;23.03;0.00;59.89;59.89;0.00;119.78;36.85;27.64;0.00;0.00;9.21;0.00;18.43;0.00;0.00;0.00;0.00;13.82;0.00;13.82;4.61;13.82;9.21;13.82;4.61;0.00;13.82;0.00;0.00;36.85;188.88;142.81;391.58;723.28;4.61;23.03;9.21;0.00;4.61;0.00;4.61;4.61;13.82;46.07;23.03;0.00;18.43;0.00;0.00;9.21;4.61;119.78;0.00;0.00;46.07;9.21;59.89;9.21;87.53;32.25;23.03;0.00;0.00;0.00;0.00;32.25;4.61;0.00;18.43;18.43;4.61;78.32;368.55;110.56;50.68;0.00;0.00;0.00;0.00;4.61;4.61;0.00;0.00;0.00;0.00;0.00;0.00;0.00;32.25;23.03;9.21;179.67;0.00;0.00;9.21;0.00;0.00;9.21;36.85;9.21;0.00;13.82;18.43;9.21;13.82;23.03;96.74;0.00;4.61;152.03;27.64;110.56;96.74;152.03;27.64;0.00;18.43;4.61;0.00;27.64;50.68;13.82;0.00;4.61;41.46;13.82;4.61;9.21;4.61;18.43;18.43;101.35;0.00;4.61;0.00;0.00;0.00;23.03;0.00;0.00;64.50;0.00;0.00;0.00;0.00;4.61;0.00;0.00;9.21;0.00;23.03;4.61;488.33;0.00;9.21;23.03;0.00;0.00;0.00;9.21;0.00;0.00;0.00;0.00;78.32;9.21;13.82;13.82;4.61;4.61;0.00;0.00;0.00;0.00;0.00;0.00;0.00;0.00;0.00;13.82;23.03;0.00;4.61;0.00;46.07;9.21;73.71;27.64;18.43;0.00;4.61;0.00;0.00;0.00;0.00;0.00;0.00;0.00;18.43;0.00;0.00;0.00;13.82;0.00;18.43;32.25;0.00;0.00;32.25;9.21;18.43;953.62;382.37;4.61;0.00;18.43;4.61;4.61;0.00;0.00;27.64;4.61;0.00;96.74;0.00;4.61;0.00;13.82;13.82;18.43;55.28;0.00;234.95;234.95;0.00;73.71;4.61;0.00;0.00;9.21;23.03;0.00;41.46;59.89;36.85;23.03;0.00;23.03;23.03;41.46;46.07;4.61;281.02;13.82;0.00;0.00;0.00;0.00;0.00;0.00;87.53;9.21;0.00;0.00;0.00;0.00;4.61;0.00;27.64;4.61;9.21;4.61;18.43;0.00;156.63;4.61;82.92;299.45;4.61;32.25;188.88;4.61;36.85;0.00;4.61;0.00;59.89;41.46;9.21;0.00;9.21;18.43;32.25;27.64;9.21;0.00;9.21;0.00;0.00;9.21;9.21;0.00;0.00;50.68;0.00;64.50;92.14;50.68;4.61;0.00;36.85;13.82;9.21;4.61;36.85;0.00;0.00;4.61;0.00;0.00;32.25;0.00;23.03;4.61;55.28;18.43;9.21;0.00;18.43;0.00;18.43;4.61;4.61;13.82;0.00;9.21;13.82;69.10;27.64;50.68;105.96;414.62;0.00;4.61;1031.94;41.46;36.85;870.70;4.61;32.25;96.74;138.21;4.61;0.00;0.00;0.00;0.00;0.00;23.03;13.82;0.00;0.00;0.00;0.00;0.00;13.82;0.00;27.64;0.00;0.00;0.00;0.00;0.00;0.00;27.64;64.50;4.61;9.21;4.61;9.21;64.50;46.07;13.82;4.61;9.21;0.00;13.82;0.00;119.78;55.28;9.21;0.00;4.61;0.00;9.21;0.00;9.21;4.61;9.21;4.61;9.21;13.82;4.61;13.82;0.00;13.82;27.64;9.21;4.61;4.61;36.85;4.61;27.64;0.00;13.82;18.43;9.21;0.00;4.61;0.00;13.82;0.00;13.82;27.64;9.21;0.00;13.82;0.00;23.03;92.14;36.85;92.14;0.00;0.00;4.61;0.00;188.88;27.64;18.43;78.32;23.03;124.39;9.21;4.61;0.00;0.00;0.00;9.21;32.25;0.00;0.00;0.00;4.61;0.00;4.61;13.82;0.00;9.21;0.00;0.00;9.21;18.43;64.50;69.10;0.00;115.17;50.68;59.89;92.14;179.67;0.00;188.88;9.21
W5A;water;w5;a;W5;W_river;W5_river;4.28;4.28;8.56;0.00;5.35;1.07;4.28;0.54;1.07;1.61;0.54;1.61;1.07;6.42;1.07;9.63;4.82;1.61;3.75;1.61;1.07;5.35;1.07;0.00;1.61;9.63;10.70;22.47;8.56;1.07;0.00;2.14;3.21;16.05;16.05;4.28;80.79;21.94;6.42;2.14;4.82;1.61;0.54;0.00;1.07;18.73;0.00;4.28;0.00;3.21;0.00;0.00;1.07;0.54;14.98;0.00;6.42;1.61;2.14;0.00;1.61;0.54;1.07;0.54;2.14;0.00;5.89;6.42;3.75;0.54;8.03;0.00;2.68;5.89;0.00;66.88;1.61;0.00;11.77;9.10;76.51;49.22;11.77;5.89;12.31;2.14;0.54;1.07;0.54;5.35;3.75;1.61;0.00;9.63;0.54;5.35;4.82;0.54;0.00;19.80;4.28;5.35;1.07;10.70;0.00;0.00;9.63;15.52;16.59;19.80;3.21;58.32;6.42;2.14;0.00;1.07;3.75;5.35;0.00;0.54;19.26;3.75;1.61;7.49;0.00;2.14;1.07;0.00;3.75;10.70;0.00;0.00;6.42;4.28;1.61;0.00;1.61;1.61;73.30;0.54;63.67;17.12;103.80;0.00;2.14;6.96;191.54;21.40;78.65;119.31;0.00;4.28;0.54;14.98;9.10;6.96;1.61;0.00;0.00;0.00;1.61;1.07;1.07;10.17;8.03;5.89;0.54;0.00;0.00;0.54;2.14;0.54;15.52;0.54;0.00;2.14;12.84;1.07;5.35;19.80;8.56;2.68;1.07;0.00;1.07;1.61;2.14;0.54;85.07;2.14;0.00;7.49;4.28;4.82;1.07;1.61;0.00;0.54;0.54;2.68;3.21;2.14;0.00;3.75;11.24;1.07;0.54;0.00;2.68;2.14;2.68;0.54;0.54;0.54;1.07;1.07;3.21;0.00;13.38;4.28;0.54;10.17;8.56;2.14;0.00;0.00;0.00;2.14;6.42;2.14;3.75;0.54;2.68;1.61;1.61;0.54;2.68;0.00;0.54;2.14;0.00;0.00;2.14;2.14;1.07;5.89;62.60;72.76;176.02;336.53;6.96;0.54;1.07;1.07;4.82;1.61;0.00;0.54;1.07;17.66;5.89;3.21;4.82;0.54;0.00;1.07;1.07;63.67;3.21;0.00;3.75;6.42;10.70;1.07;21.40;3.21;5.89;0.54;0.54;0.00;0.00;26.22;1.07;12.84;5.89;2.14;0.54;37.99;243.44;64.74;13.38;0.00;1.61;0.00;4.82;0.00;1.07;0.00;0.00;1.07;0.00;0.00;0.00;0.00;9.10;10.70;0.54;179.23;0.00;1.61;1.61;0.00;0.00;1.07;2.14;0.54;0.00;2.68;3.21;11.24;5.89;1.61;52.97;3.21;4.82;31.57;9.63;117.17;35.31;265.91;4.82;0.00;2.68;1.07;1.07;4.82;11.77;3.75;1.07;18.73;4.28;1.07;1.07;1.61;1.07;1.07;9.10;31.03;0.00;1.61;0.00;0.00;0.54;9.63;3.75;0.00;29.43;2.68;6.96;0.00;5.89;0.54;0.00;0.00;0.54;0.00;1.07;1.07;250.39;5.35;0.54;4.82;1.07;0.00;0.54;1.07;0.00;0.00;0.54;0.00;18.73;4.82;6.42;1.07;1.61;0.00;0.00;0.00;0.00;0.54;1.07;0.00;0.00;0.00;0.00;4.28;4.82;0.00;7.49;0.00;2.14;3.21;43.34;2.14;8.56;0.00;1.61;1.07;0.00;0.00;0.00;0.54;0.00;0.00;1.07;0.00;0.54;0.54;4.28;0.00;2.68;13.38;2.14;1.61;5.89;4.28;16.59;556.43;109.68;5.89;0.54;4.28;3.21;1.07;1.07;1.07;4.82;0.54;0.00;24.61;1.61;1.07;0.00;4.82;1.61;5.89;4.82;0.00;50.83;39.06;7.49;21.40;0.54;0.00;0.00;0.54;5.35;2.14;7.49;3.75;2.14;1.61;0.00;3.75;3.21;4.82;23.54;1.07;27.29;3.21;3.21;0.00;4.82;2.14;0.54;0.00;10.17;0.54;0.00;0.00;1.07;0.54;1.61;0.00;2.68;0.00;0.00;1.61;2.14;0.00;26.75;1.07;8.56;102.19;0.54;1.61;42.80;2.14;4.28;0.00;2.14;15.52;39.59;24.08;3.21;0.00;10.70;3.75;3.21;4.28;2.14;0.00;1.07;2.68;0.54;34.24;0.54;0.54;1.07;7.49;0.54;11.24;37.45;3.21;6.96;0.54;5.35;1.07;0.54;2.68;13.38;0.54;0.54;1.07;0.54;0.00;12.31;6.42;21.94;1.61;9.10;14.45;3.21;11.77;1.61;0.54;0.54;1.07;0.00;0.54;3.75;11.24;1.61;36.92;6.42;5.89;29.43;256.28;0.00;1.61;372.38;9.63;12.31;613.68;4.28;7.49;26.75;23.01;2.14;0.00;0.00;0.54;0.00;0.00;1.07;9.63;0.00;2.68;1.07;1.61;0.54;2.68;0.00;5.35;0.54;0.00;2.14;0.54;0.00;0.00;8.56;25.15;1.07;0.54;6.42;2.68;39.59;16.05;4.82;0.00;1.07;2.68;5.35;1.07;17.12;4.82;1.61;0.00;0.00;0.00;0.54;0.00;3.21;0.00;0.54;0.54;0.54;2.68;0.54;0.00;1.07;3.75;4.82;0.00;0.00;0.00;14.45;2.14;7.49;0.54;0.54;6.42;2.14;4.28;0.00;0.54;2.14;1.07;2.14;3.75;1.07;1.07;1.07;1.07;46.01;27.82;20.33;47.08;1.07;19.80;0.00;26.22;134.83;5.35;1.61;16.59;2.14;53.50;1.07;0.54;0.00;0.00;0.00;0.00;3.75;0.54;0.54;1.07;2.14;0.00;1.61;3.75;0.00;6.96;0.00;0.00;3.75;2.68;11.77;5.89;0.00;14.98;11.24;5.89;14.98;53.50;19.80;191.01;1.07
W5B;water;w5;b;W5;W_UV;W5_UV;18.62;13.96;97.73;0.00;27.92;32.58;41.89;4.65;4.65;9.31;13.96;23.27;18.62;32.58;9.31;69.81;4.65;4.65;13.96;9.31;4.65;27.92;23.27;4.65;4.65;97.73;13.96;18.62;27.92;4.65;4.65;4.65;4.65;74.46;9.31;13.96;269.93;130.31;88.43;69.81;13.96;13.96;0.00;0.00;0.00;116.35;0.00;23.27;0.00;13.96;0.00;0.00;0.00;4.65;55.85;0.00;37.23;13.96;41.89;0.00;0.00;13.96;0.00;0.00;4.65;9.31;74.46;41.89;46.54;18.62;13.96;0.00;4.65;4.65;0.00;121.00;27.92;4.65;32.58;74.46;144.27;297.85;51.19;13.96;4.65;0.00;4.65;0.00;0.00;37.23;83.77;18.62;0.00;27.92;0.00;83.77;55.85;0.00;0.00;60.50;51.19;4.65;0.00;37.23;0.00;13.96;55.85;74.46;116.35;69.81;55.85;102.39;41.89;32.58;0.00;23.27;23.27;9.31;0.00;0.00;65.16;9.31;0.00;18.62;0.00;0.00;9.31;4.65;46.54;27.92;0.00;0.00;65.16;18.62;4.65;0.00;0.00;23.27;302.51;23.27;162.89;153.58;195.47;4.65;18.62;23.27;744.63;116.35;144.27;125.66;4.65;0.00;32.58;200.12;9.31;9.31;0.00;0.00;0.00;0.00;9.31;18.62;13.96;23.27;51.19;27.92;0.00;0.00;0.00;0.00;55.85;0.00;162.89;13.96;0.00;4.65;97.73;9.31;23.27;83.77;37.23;13.96;9.31;0.00;4.65;18.62;9.31;0.00;265.28;0.00;0.00;27.92;37.23;9.31;0.00;0.00;0.00;4.65;0.00;4.65;23.27;4.65;4.65;4.65;88.43;0.00;4.65;0.00;13.96;18.62;27.92;4.65;4.65;0.00;4.65;23.27;27.92;9.31;51.19;60.50;0.00;125.66;18.62;13.96;0.00;0.00;0.00;0.00;27.92;4.65;0.00;9.31;51.19;0.00;9.31;13.96;9.31;23.27;0.00;13.96;32.58;0.00;27.92;0.00;0.00;51.19;125.66;88.43;162.89;553.82;18.62;4.65;9.31;0.00;0.00;4.65;4.65;0.00;37.23;37.23;65.16;0.00;13.96;0.00;0.00;18.62;9.31;139.62;13.96;0.00;23.27;4.65;79.12;13.96;55.85;60.50;102.39;4.65;13.96;0.00;0.00;46.54;9.31;0.00;23.27;18.62;4.65;41.89;349.05;93.08;18.62;0.00;0.00;0.00;4.65;0.00;4.65;0.00;0.00;0.00;0.00;0.00;0.00;0.00;41.89;13.96;4.65;162.89;0.00;9.31;0.00;0.00;0.00;18.62;41.89;4.65;0.00;13.96;60.50;4.65;37.23;4.65;148.93;0.00;4.65;167.54;37.23;102.39;97.73;111.69;27.92;0.00;46.54;0.00;0.00;27.92;83.77;18.62;4.65;4.65;37.23;4.65;0.00;13.96;0.00;9.31;13.96;74.46;0.00;0.00;4.65;0.00;0.00;4.65;0.00;0.00;60.50;18.62;0.00;0.00;0.00;13.96;0.00;0.00;9.31;0.00;32.58;0.00;372.32;0.00;9.31;4.65;13.96;0.00;0.00;4.65;4.65;0.00;4.65;0.00;88.43;27.92;23.27;32.58;13.96;4.65;0.00;0.00;4.65;4.65;0.00;0.00;4.65;0.00;0.00;37.23;27.92;0.00;18.62;0.00;55.85;0.00;37.23;9.31;0.00;0.00;0.00;0.00;0.00;0.00;0.00;0.00;0.00;0.00;0.00;0.00;0.00;4.65;23.27;0.00;32.58;60.50;4.65;18.62;32.58;9.31;18.62;753.94;456.09;9.31;0.00;18.62;4.65;9.31;0.00;4.65;37.23;0.00;0.00;32.58;0.00;9.31;0.00;65.16;9.31;37.23;55.85;0.00;204.77;139.62;37.23;69.81;4.65;0.00;4.65;27.92;4.65;0.00;0.00;111.69;41.89;23.27;0.00;41.89;18.62;13.96;23.27;9.31;274.58;18.62;18.62;0.00;18.62;18.62;0.00;0.00;41.89;0.00;4.65;0.00;0.00;0.00;4.65;0.00;13.96;0.00;13.96;9.31;13.96;0.00;125.66;18.62;88.43;288.55;4.65;27.92;246.66;9.31;18.62;0.00;4.65;0.00;60.50;32.58;4.65;0.00;46.54;4.65;88.43;83.77;37.23;0.00;0.00;4.65;0.00;23.27;4.65;0.00;0.00;144.27;0.00;37.23;107.04;51.19;18.62;9.31;27.92;0.00;4.65;23.27;23.27;0.00;0.00;4.65;9.31;9.31;55.85;0.00;4.65;4.65;74.46;55.85;23.27;13.96;4.65;4.65;23.27;0.00;0.00;0.00;0.00;23.27;23.27;83.77;32.58;23.27;93.08;344.39;0.00;0.00;726.02;32.58;41.89;851.67;18.62;32.58;74.46;93.08;37.23;0.00;0.00;0.00;0.00;0.00;13.96;9.31;4.65;0.00;0.00;0.00;0.00;74.46;0.00;0.00;37.23;0.00;41.89;9.31;0.00;0.00;37.23;51.19;23.27;9.31;4.65;27.92;41.89;41.89;23.27;4.65;4.65;4.65;13.96;0.00;93.08;27.92;9.31;0.00;4.65;0.00;4.65;4.65;13.96;9.31;9.31;4.65;13.96;9.31;13.96;13.96;4.65;18.62;27.92;0.00;0.00;4.65;60.50;13.96;32.58;0.00;9.31;46.54;18.62;18.62;4.65;4.65;4.65;0.00;13.96;74.46;0.00;9.31;0.00;0.00;23.27;65.16;55.85;88.43;0.00;0.00;0.00;0.00;209.43;32.58;18.62;65.16;13.96;153.58;23.27;0.00;4.65;0.00;4.65;4.65;51.19;0.00;0.00;0.00;27.92;13.96;9.31;27.92;13.96;13.96;0.00;0.00;0.00;27.92;79.12;65.16;4.65;79.12;60.50;41.89;65.16;167.54;18.62;200.12;9.31
